OBJECTID_1;Nome da Base;Município;UF;Razão Social;Latitude;Longitude;Capaciade (m3);x;y
281;RAÍZEN -BASE - OURINHOS/SP;OURINHOS;SP;RAIZEN COMBUSTÍVEIS S.A.;-22.994475;-49.83857;37866.92;-49.83856999999995;-22.994474999999966
282;BASE DE CARACARAI;CARACARAI;RR;DISTRIBUIDORA EQUADOR DE PRODUTOS DE PETRÓLEO LTDA.;1.810715;-61.129216;400;-61.129215999999985;1.810715000000073
283;VIBRA ENERGIA S.A.;VOLTA REDONDA;RJ;VIBRA ENERGIA S.A.;-22.50826184;-44.08152761;11591.73;-44.081527609999966;-22.508261839999932
284;JOAPI - MATRIZ;NOVA SANTA RITA;RS;JOAPI DISTRIBUIDORA DE COMBUSTÍVEIS S.A.;-29.83193167;-51.251665;832.79;-51.251664999999946;-29.83193166999996
285;STANG - BASE - UMUARAMA/PR;UMUARAMA;PR;STANG DISTRIBUIDORA DE PETRÓLEO LTDA.;-23.83552;-53.292565;2653.41;-53.29256499999997;-23.835519999999974
286;IPIRANGA - BASE COMPARTILHADA - CAMPOS DOS GOYTACAZES/RJ;CAMPOS DOS GOYTACAZES;RJ;IPIRANGA PRODUTOS DE PETRÓLEO S.A;-21.78637672;-41.38374392;9903.53;-41.38374391999997;-21.786376719999964
287;IPIRANGA - BASE - SANTA MARIA/RS;SANTA MARIA;RS;IPIRANGA PRODUTOS DE PETRÓLEO S.A;-29.69387333;-53.768555;5872;-53.768554999999935;-29.693873329999974
288;ART PETRO -  NOVA ESPERANÇA;NOVA ESPERANCA;PR;ART PETRO DISTRIBUIDORA DE COMBUSTÍVEIS LTDA.;-23.20844208;-52.19363039;750;-52.19363038999995;-23.20844207999994
289;VIBRA ENERGIA - BASE - BARCARENA/PA;BARCARENA;PA;VIBRA ENERGIA S.A.;-1.5440775;-48.7419382;59224;-48.741938199999936;-1.5440774999999576
290;SABBÁ - BASE - MARABÁ/PA;MARABA;PA;PETRÓLEO SABBÁ S.A.;-5.42053;-49.101013;18959.99;-49.101012999999966;-5.420529999999928
291;TORRÃO - BASE - CUIABÁ/MT (EX PETROFORTE);CUIABA;MT;DISTRIBUIDORA DE COMBUSTÍVEL TORRÃO LTDA.;-15.668135;-55.98489;1876;-55.98488999999995;-15.66813499999995
292;LÍDER DISTRIBUIDORA - MATRIZ - CUIABÁ/MT;CUIABA;MT;LIDER DISTRIBUIDORA DE PETRÓLEO LTDA.;-15.67374667;-55.97336333;2311.77;-55.973363329999984;-15.673746669999957
293;IPIRANGA - BASE - CUIABÁ/MT;CUIABA;MT;IPIRANGA PRODUTOS DE PETRÓLEO S.A;-15.67236833;-55.97630333;3859.34;-55.97630332999995;-15.672368329999927
294;RAIZEN - UBERLÂNDIA/MG;UBERLANDIA;MG;RAIZEN COMBUSTÍVEIS S.A.;-18.99664667;-48.39635167;19612;-48.396351669999945;-18.99664666999996
295;RAIZEN - MARINGÁ/PR;MARINGA;PR;RAIZEN COMBUSTÍVEIS S.A.;-23.43463167;-51.89312333;16654.69;-51.89312332999998;-23.43463166999993
296;SAARA - BASE - CASCAVEL/PR;CASCAVEL;PR;DISTRIBUIDORA DE COMBUSTÍVEIS SAARA S.A.;-24.90679833;-53.37443167;788;-53.37443166999998;-24.90679832999996
297;SETTA COMBUSTÍVEIS - CHA DE ALEGRIA/PE;CHA DE ALEGRIA;PE;SETTA COMBUSTÍVEIS S/A.;-8.02559;-35.22997833;6160;-35.22997832999994;-8.025589999999966
298;RAÍZEN - BASE COMPARTILHADA - FORTALEZA/CE;FORTALEZA;CE;RAIZEN COMBUSTÍVEIS S.A.;-3.71621933;-38.46810884;54260.91;-38.46810883999996;-3.7162193299999444
299;IPIRANGA - BASE - GOVERNADOR VALADARES/MG;GOVERNADOR VALADARES;MG;IPIRANGA PRODUTOS DE PETRÓLEO S.A;-18.87134893;-41.9663724;5450;-41.966372399999955;-18.871348929999954
300;SMALL - BASE DE CAMPO GRANDE;CAMPO GRANDE;MS;SMALL DISTRIBUIDORA DE DERIVADOS DE PETRÓLEO LTDA.;-20.4620406;-54.713332;800;-54.71333199999998;-20.462040599999966
301;ALESAT - BASE - BETIM/MG;BETIM;MG;ALESAT COMBUSTÍVEIS S. A.;-19.95741891;-44.09938387;8934.89;-44.09938386999994;-19.957418909999944
302;ARAGUAIA - BASE DE DISTRIBUIÇÃO - SENADOR CANEDO/GO;SENADOR CANEDO;GO;ARAGUAIA DISTRIBUIDORA DE COMBUSTÍVEIS S.A;-16.71245556;-49.1085779;9007.18;-49.10857789999994;-16.712455559999967
303;PETROBAHIA - SÃO FRANCISCO DO CONDE;SAO FRANCISCO DO CONDE;BA;PETROBAHIA S/A;-12.71075333;-38.58901167;16787.46;-38.589011669999934;-12.710753329999932
304;VIBRA ENERGIA - BASE - SÃO FRANCISCO DO CONDE/BA;SAO FRANCISCO DO CONDE;BA;VIBRA ENERGIA S.A.;-12.70275333;-38.583795;103258.34;-38.58379499999995;-12.70275332999995
305;RAIZEN - BASE COMPARTILHADA - JEQUIÉ/BA;JEQUIE;BA;RAIZEN COMBUSTÍVEIS S.A.;-13.83782798;-40.1019622;12925;-40.101962199999946;-13.837827979999929
306;BASE DE FEIRA DE SANTANA;FEIRA DE SANTANA;BA;DANPETRO DISTRIBUIDORA DE PETRÓLEO S.A.;-12.31963833;-38.881575;2750;-38.88157499999994;-12.319638329999975
307;IPIRANGA - BASE - SÃO JOSÉ DO RIO PRETO/SP II;SAO JOSE DO RIO PRETO;SP;IPIRANGA PRODUTOS DE PETRÓLEO S.A;-20.794335;-49.39016333;9415.98;-49.39016332999995;-20.794334999999933
308;ALESAT - BASE - SAO JOSE DO RIO PRETO/SP;SAO JOSE DO RIO PRETO;SP;ALESAT COMBUSTÍVEIS S. A.;-20.79404;-49.39001167;3482;-49.39001166999998;-20.79403999999994
309;VIBRA ENERGIA S.A.;SAO JOSE DOS CAMPOS;SP;VIBRA ENERGIA S.A.;-23.18819827;-45.83717418;38962;-45.83717417999998;-23.18819826999993
310;RAÍZEN - BASE - SÃO PAULO/SP;SAO PAULO;SP;RAIZEN COMBUSTÍVEIS S.A.;-23.60341539;-46.5837441;75034.68;-46.58374409999993;-23.603415389999952
311;RAÍZEN - BASE - PAULÍNIA/SP;PAULINIA;SP;RAIZEN COMBUSTÍVEIS S.A.;-22.72493633;-47.14531394;66180.96;-47.14531393999994;-22.724936329999935
312;SIMARELLI - BASE - PAULÍNIA/SP;PAULINIA;SP;SIMARELLI DISTRIBUIDORA DE DERIVADOS DE PETRÓLEO LTDA.;-22.73488;-47.152955;9269.22;-47.15295499999996;-22.734879999999976
313;BASE DE PRESIDENTE PRUDENTE;PRESIDENTE PRUDENTE;SP;SMALL DISTRIBUIDORA DE DERIVADOS DE PETRÓLEO LTDA.;-22.17211667;-51.402575;2211.72;-51.402574999999956;-22.17211666999998
314;IPIRANGA  - BASE - MANAUS/AM;MANAUS;AM;IPIRANGA PRODUTOS DE PETRÓLEO S.A;-3.14892667;-59.957895;9985.5;-59.95789499999995;-3.1489266699999803
315;SULPETRO - BASE - TUBARÃO/SC;TUBARAO;SC;DISTRIBUIDORA SUL DE PETRÓLEO LTDA.;-28.46026167;-48.98729667;833.99;-48.98729666999998;-28.460261669999966
316;PETROX - BASE - NOSSA SENHORA DO SOCORRO/SE;NOSSA SENHORA DO SOCORRO;SE;PETROX DISTRIBUIDORA LTDA.;-10.85624;-37.11483333;3129.56;-37.11483332999995;-10.856239999999957
317;IPIRANGA - BASE - OURINHOS/SP;OURINHOS;SP;IPIRANGA PRODUTOS DE PETRÓLEO S.A;-22.98629833;-49.85979167;10318;-49.859791669999936;-22.986298329999954
318;ALESAT - BASE - GUARULHOS/SP;GUARULHOS;SP;ALESAT COMBUSTÍVEIS S. A.;-23.46717667;-46.44023667;10721;-46.44023666999993;-23.467176669999958
319;IPIRANGA PRODUTOS DE PETRÓLEO - BAURU/SP (EX-COMPANHIA BRASILEIRA DE PETRÓLEO IPIRANGA);BAURU;SP;IPIRANGA PRODUTOS DE PETRÓLEO S.A;-22.31746127;-49.05133353;6065.22;-49.051333529999965;-22.317461269999967
320;VIBRA ENERGIA S.A.;BAURU;SP;VIBRA ENERGIA S.A.;-22.31374284;-49.04398387;22160;-49.04398386999998;-22.313742839999975
321;VIBRA ENERGIA S.A.;RIO DE JANEIRO;RJ;VIBRA ENERGIA S.A.;-22.80888167;-43.259495;32543;-43.25949499999996;-22.80888166999995
322;BASE DE VILHENA;VILHENA;RO;IPIRANGA PRODUTOS DE PETRÓLEO S.A;-12.796195;-60.085622;915.44;-60.085621999999944;-12.796194999999955
323;DISTRIBUIDORA EQUATORIAL DE PRODUTOS DE PETRÓLEO LTDA;VILHENA;RO;DISTRIBUIDORA EQUADOR DE PRODUTOS DE PETRÓLEO LTDA.;-12.80228931;-60.08388253;480;-60.08388252999998;-12.802289309999935
324;IPIRANGA - BASE - BAGÉ/RS;BAGE;RS;IPIRANGA PRODUTOS DE PETRÓLEO S.A;-31.34470217;-54.07706658;2977.5;-54.07706657999995;-31.344702169999948
325;WALENDOWSKI - BASE -  BRUSQUE/SC;BRUSQUE;SC;WALENDOWSKY DISTRIBUIDORA DE COMBUSTÍVEIS LTDA;-27.11080722;-48.84936201;2805.29;-48.849362009999936;-27.11080721999997
326;MAXSUL - BASE - CHAPECÓ/SC;CHAPECO;SC;MAXSUL DISTRIBUIDORA DE COMBUSTÍVEIS LTDA.;-27.17271117;-52.63586424;16736.09;-52.63586423999993;-27.172711169999957
327;RAÍZEN - BASE DE ARAÇATUBA - SP;ARACATUBA;SP;RAIZEN COMBUSTÍVEIS S.A.;-21.2263788;-50.5188948;9125.05;-50.51889479999994;-21.226378799999964
328;FAN - BASE COMPARTILHADA - GUAMARÉ/RN;GUAMARE;RN;FAN - DISTRIBUIDORA DE PETRÓLEO LTDA.;-5.14210885;-36.39146035;7890;-36.39146034999993;-5.142108849999943
329;ALESAT - BASE COMPARTILHADA - GUAMARE/RN;GUAMARE;RN;ALESAT COMBUSTÍVEIS S. A.;-5.139028;-36.390217;8106;-36.39021699999995;-5.139027999999939
330;RAÍZEN - BASE - IJUÍ/RS;IJUI;RS;RAIZEN COMBUSTÍVEIS S.A.;-28.39856333;-53.924505;4626.6;-53.924504999999954;-28.398563329999945
331;IPIRANGA - BASE - BARCARENA/PA;BARCARENA;PA;IPIRANGA PRODUTOS DE PETRÓLEO S.A;-1.5440775;-48.7419382;9477.21;-48.741938199999936;-1.5440774999999576
332;VIBRA ENERGIA S.A.;MARABA;PA;VIBRA ENERGIA S.A.;0;0;3238;NaN;NaN
333;RAIZEN - BASE -  CUIABA/MT;CUIABA;MT;RAIZEN COMBUSTÍVEIS S.A.;-15.6691116;-55.98417742;6062.05;-55.98417741999998;-15.669111599999951
334;IDAZA -  SINOP;SINOP;MT;IDAZA DISTRIBUIDORA DE PETRÓLEO LTDA;-12.013535;-55.516775;5013.66;-55.51677499999994;-12.013534999999933
335;PETROALCOOL - BASE - MARINGA/PR;MARINGA;PR;PETROALCOOL DISTRIBUIDORA DE PETRÓLEO LTDA.;-23.456895;-51.99915167;1388.29;-51.99915166999995;-23.456894999999975
336;STANG - BASE - ARAUCÁRIA/PR;ARAUCARIA;PR;STANG DISTRIBUIDORA DE PETRÓLEO LTDA.;-25.56944744;-49.3715096;3750;-49.37150959999997;-25.569447439999976
337;POTENCIAL - BASE COMPARTILHADA - ARAUCÁRIA/PR;ARAUCARIA;PR;POTENCIAL PETRÓLEO LTDA;-25.57296667;-49.37211167;30650;-49.37211166999998;-25.57296666999997
338;VIBRA ENERGIA - BASE - FORTALEZA/CE;FORTALEZA;CE;VIBRA ENERGIA S.A.;-3.71719314;-38.46816549;52744.14;-38.46816548999993;-3.7171931399999494
339;TAG - CAMPO GRANDE;CAMPO GRANDE;MS;TAG DISTRIBUIDORA DE COMBUSTÍVEIS S/A.;-20.4791535;-54.7262208;1469;-54.726220799999965;-20.47915349999994
340;TAURUS - BASE - CAMPO GRANDE/MS;CAMPO GRANDE;MS;TAURUS DISTRIBUIDORA DE PETRÓLEO LTDA;-20.6209721;-54.5766397;1311.5;-54.57663969999999;-20.62097209999996
341;ROYAL FIC - BASE- BETIM/MG;BETIM;MG;ROYAL FIC DISTRIBUIDORA DE DERIVADOS DE PETRÓLEO S/A;-19.96587767;-44.09765267;14600;-44.097652669999945;-19.96587766999994
342;RAÍZEN - BASE - BETIM/MG;BETIM;MG;RAIZEN COMBUSTÍVEIS S.A.;-19.95629431;-44.10402987;33605.84;-44.10402986999998;-19.956294309999976
343;SABBÁ - BASE - SÃO LUIS/MA;SAO LUIS;MA;PETRÓLEO SABBÁ S.A.;-2.57666951;-44.36558414;31497;-44.36558413999995;-2.576669509999931
344;GREEN - BASE - CAXIAS/MA;CAXIAS;MA;GREEN DISTRIBUIDORA DE PETRÓLEO LTDA;-4.89361333;-43.360785;823.43;-43.360784999999964;-4.893613329999937
345;VIBRA ENERGIA - BASE - BRASILIA/DF;BRASILIA;DF;VIBRA ENERGIA S.A.;-15.80115961;-47.97277622;37216.22;-47.97277621999996;-15.801159609999957
346;RUFF - CAREAÇU - MG;CAREACU;MG;RUFF CJ DISTRIBUIDORA DE PETRÓLEO LTDA;-22.04674667;-45.69188333;833.27;-45.69188332999994;-22.046746669999948
347;S R BRASIL - BASE COMPART. - SENADOR CANEDO/GO;SENADOR CANEDO;GO;SR BRASIL PETRÓLEO LTDA.;-16.70125195;-49.11036311;13681.7;-49.11036310999998;-16.70125194999997
348;VIBRA ENERGIA - BASE - AÇAILÂNDIA/MA;ACAILANDIA;MA;VIBRA ENERGIA S.A.;-4.90239896;-47.395278;10958;-47.39527799999996;-4.902398959999971
349;TOTAL - BASE - SAO FRANCISCO DO CONDE/BA;SAO FRANCISCO DO CONDE;BA;TDC DISTRIBUIDORA DE COMBUSTÍVEIS S/A.;-12.72593167;-38.596955;19872;-38.59695499999998;-12.725931669999966
350;POOL VIBRA ENERGIA - JUAZEIRO/BA;JUAZEIRO;BA;VIBRA ENERGIA S.A.;-9.462929;-40.485655;6123.43;-40.48565499999995;-9.462928999999974
351;YPETRO - BASE - MARACANAÚ/CE;MARACANAU;CE;YPETRO DISTRIBUIDORA DE COMBUSTIVEIS S.A.;-3.84696342;-38.57328847;13506.23;-38.573288469999966;-3.846963419999952
352;LARCO - BASE - CANDEIAS/BA;CANDEIAS;BA;LARCO COMERCIAL DE PRODUTOS DE PETRÓLEO LTDA.;-12.65131333;-38.54726333;14591.24;-38.547263329999964;-12.651313329999937
353;POOL DE MACEIÓ - BASE DE DISTRIBUIÇÃO - MACEIÓ/AL;MACEIO;AL;IPIRANGA PRODUTOS DE PETRÓLEO S.A;-9.67503899;-35.71833818;16463;-35.71833817999993;-9.675038989999962
354;PETROSUL DISTRIBUIDORA TRANSPORTADORA E COMÉRCIO DE COMBUSTÍVEIS - PAULÍNIA/SP;PAULINIA;SP;PETROSUL DISTRIBUIDORA TRANSPORTADORA E COMÉRCIO DE COMBUSTÍVEIS LTDA;-22.72941;-47.14944167;11718.58;-47.14944166999993;-22.729409999999973
355;ATLANTA - BASE COMPARTILHADA - PAULINIA/SP;PAULINIA;SP;ATLANTA DISTRIBUIDORA DE PETRÓLEO LTDA.;-22.709475;-47.13794667;10110;-47.13794666999996;-22.70947499999994
356;VIBRA ENERGIA S.A.;PAULINIA;SP;VIBRA ENERGIA S.A.;-22.72954017;-47.1443705;34433.84;-47.14437049999998;-22.72954016999995
357;VIBRA ENERGIA S.A.;PRESIDENTE PRUDENTE;SP;VIBRA ENERGIA S.A.;-22.16369805;-51.37982921;8235.85;-51.37982920999997;-22.163698049999937
358;IPIRANGA - BASE - PRESIDENTE PRUDENTE/SP;PRESIDENTE PRUDENTE;SP;IPIRANGA PRODUTOS DE PETRÓLEO S.A;-22.14831167;-51.38785167;4822.56;-51.387851669999975;-22.14831166999994
359;ATEMS - BASE - MANAUS/AM;MANAUS;AM;ATEM' S DISTRIBUIDORA DE PETRÓLEO S.A.;-3.14781667;-59.95796167;77103.26;-59.957961669999975;-3.1478166699999406
360;VIBRA ENERGIA S.A.;LARANJEIRAS;SE;VIBRA ENERGIA S.A.;-10.775975;-37.14405;22601;-37.144049999999936;-10.77597499999996
361;REDE SOL FUEL - BASE - JARDINÓPOLIS/SP;JARDINOPOLIS;SP;REDE SOL FUEL DISTRIBUIDORA S/A.;-21.04013401;-47.81197815;3692;-47.81197814999996;-21.040134009999974
362;BASE DE BAURU;BAURU;SP;FLAG DISTRIBUIDORA DE PETRÓLEO LTDA.;-22.31327667;-49.019925;1440;-49.019924999999944;-22.313276669999937
363;BASE DE VILHENA;VILHENA;RO;PETRÓLEO SABBÁ S.A.;-12.801176;-60.084063;302;-60.08406299999996;-12.801175999999941
364;IPIRANGA (EX- COMPANHIA BRASILEIRA DE PETRÓLEO IPIRANGA);DUQUE DE CAXIAS;RJ;IPIRANGA PRODUTOS DE PETRÓLEO S.A;-22.702755;-43.285125;35718;-43.28512499999994;-22.702754999999968
365;TOBRAS - BASE - DUQUE DE CAXIA/RJ;DUQUE DE CAXIAS;RJ;TOBRAS DISTRIBUIDORA DE COMBUSTÍVEIS LTDA.;-22.71071833;-43.27505667;9727;-43.27505666999997;-22.710718329999963
366;PETRO AMAZON - BASE - BELÉM/PA;BELEM;PA;PETRO AMAZON PETRÓLEO DA AMAZONIA LTDA;-1.40975833;-48.49276333;5702;-48.492763329999946;-1.4097583299999314
367;FLEX DISTRIBUIDORA - BASE - CUIABÁ/MT;CUIABA;MT;FLEX DISTRIBUIDORA DE PETRÓLEO LTDA.;-15.668865;-55.98375167;3289.59;-55.98375166999995;-15.668864999999983
368;BASE DE UBERLÂNDIA;UBERLANDIA;MG;LIDERPETRO DISTRIBUIDORA DE PETRÓLEO LTDA;-18.99514167;-48.39144;6116.72;-48.39143999999993;-18.995141669999953
369;IPIRANGA - BASE - SANTAREM/PA;SANTAREM;PA;IPIRANGA PRODUTOS DE PETRÓLEO S.A;-2.42779333;-54.69779667;3986;-54.697796669999946;-2.427793329999929
370;DISTRIBUIDORA EQUATORIAL DE PRODUTOS DE PETRÓLEO LTDA;SANTAREM;PA;DISTRIBUIDORA EQUADOR DE PRODUTOS DE PETRÓLEO LTDA.;-2.418075;-54.73973333;809.8;-54.73973332999998;-2.4180749999999307
371;CIAPETRO - VARZEA GRANDE;VARZEA GRANDE;MT;CIAPETRO DISTRIBUIDORA DE COMBUSTÍVEIS LTDA;-15.7043891;-56.141339;3301;-56.14133899999996;-15.704389099999958
372;PETROLUZ - BASE DE COMBUSTÍVEIS - VARZEA GRANDE/MT;VARZEA GRANDE;MT;PETROLUZ DISTRIBUIDORA LTDA.;-15.6482385;-56.1905391;10937.55;-56.19053909999997;-15.648238499999934
373;UNI COMBUSTÍVEIS LTDA;PONTA GROSSA;PR;UNI COMBUSTÍVEIS LTDA;-25.09228;-50.196767;135;-50.196766999999966;-25.09227999999996
374;BASE DE SUAPE;IPOJUCA;PE;TEMAPE - TERMINAIS MARÍTIMOS DE PERNAMBUCO LTDA.;-8.40233;-34.964305;1750;-34.96430499999997;-8.40232999999995
375;VIBRA ENERGIA - BASE - VITÓRIA/ES;VITORIA;ES;VIBRA ENERGIA S.A.;-20.26536668;-40.24830605;117268;-40.24830604999994;-20.265366679999943
376;RAÍZEN - BASE - GOVERNADOR VALADARES/MG;GOVERNADOR VALADARES;MG;RAIZEN COMBUSTÍVEIS S.A.;-18.87235189;-41.96752022;3273.96;-41.96752021999998;-18.872351889999948
377;RIO BRANCO - BASE COMPART. - BETIM/MG;BETIM;MG;DISTRIBUIDORA RIO BRANCO DE PETRÓLEO LTDA.;-19.95967406;-44.0890292;8187.78;-44.08902919999997;-19.95967405999994
378;IPIRANGA - CONDOMÍNIO - BETIM/MG I;BETIM;MG;IPIRANGA PRODUTOS DE PETRÓLEO S.A;-19.95586696;-44.10276446;21107.69;-44.102764459999946;-19.95586695999998
379;ALCOOBRAS - BASE - SENADOR CANEDO/GO;SENADOR CANEDO;GO;ALCOOLBRAS - ÁLCOOL DO BRASIL DISTRIBUIDORA DE COMBUSTÍVEIS LTDA.;-16.70148667;-49.11171833;4034.73;-49.111718329999974;-16.70148666999995
380;BR (BARRO ALTO - GO);BARRO ALTO;GO;VIBRA ENERGIA S.A.;-15.06065035;-48.95217069;6762.48;-48.952170689999946;-15.060650349999946
381;TOTAL - BASE - SÃO FRANCISCO DO CONDE/BA II;SAO FRANCISCO DO CONDE;BA;TDC DISTRIBUIDORA DE COMBUSTÍVEIS S/A.;-12.72626667;-38.59724167;6747.18;-38.59724166999996;-12.726266669999973
382;PETROBAHIA - BASE - JUAZEIRO/BA;JUAZEIRO;BA;PETROBAHIA S/A;-9.46544167;-40.48460167;3399.75;-40.48460166999996;-9.465441669999962
383;CONDOMINIO PHL;CANDEIAS;BA;PETROSERRA DISTRIBUIDORA DE PETRÓLEO LTDA;-12.64981667;-38.5496;9718.67;-38.54959999999994;-12.64981666999995
384;RAIZEN - COMPARTILHADA - SÃO JOSÉ DOS CAMPOS/SP;SAO JOSE DOS CAMPOS;SP;RAIZEN COMBUSTÍVEIS S.A.;-23.18473333;-45.80881167;23110.11;-45.808811669999955;-23.184733329999972
385;CRUZ DE MALTA - BASE - PAULÍNIA/SP;PAULINIA;SP;CRUZ DE MALTA DISTRIBUIDORA DE PETRÓLEO LTDA.;-22.729725;-47.14988667;7265;-47.149886669999944;-22.729724999999974
386;RAIZEN - RIBEIRAO PRETO/SP;RIBEIRAO PRETO;SP;RAIZEN COMBUSTÍVEIS S.A.;-21.107515;-47.80892333;45175.26;-47.80892332999997;-21.107514999999978
387;REDEPETRO - BASE COMPARTILHADA - RIBEIRÃO PRETO/SP;RIBEIRAO PRETO;SP;REDEPETRO DISTRIBUIDORA DE PETRÓLEO LTDA.;-21.13659167;-47.86401667;12299.29;-47.864016669999955;-21.136591669999973
388;PDV BRASIL COMBUSTÍVEIS E LUBRIFICANTES LTDA.;PORTO VELHO;RO;PDV BRASIL COMBUSTÍVEIS E LUBRIFICANTES LTDA.;-8.72547333;-63.91911833;2287;-63.91911832999995;-8.725473329999943
389;VIBRA ENERGIA - BASE - PORTO VELHO/RO;PORTO VELHO;RO;VIBRA ENERGIA S.A.;-8.73090333;-63.91863667;29588;-63.918636669999955;-8.730903329999933
390;IDAZA - BASE - LAGES/SC;LAGES;SC;IDAZA DISTRIBUIDORA DE PETRÓLEO LTDA;-27.82052333;-50.29413;9099.35;-50.29412999999994;-27.820523329999958
391;AMERICANOIL DISTRIBUIDORA DE DERIVADOS DE PETRÓLEO LTDA.;LAGES;SC;AMERICANOIL DISTRIBUIDORA DE DERIVADOS DE PETRÓLEO EIRELI;-27.78712167;-50.30965;760;-50.309649999999976;-27.787121669999976
392;IPIRANGA - BASE - CANOAS/RS;CANOAS;RS;IPIRANGA PRODUTOS DE PETRÓLEO S.A;-29.86725333;-51.18721;44068;-51.187209999999936;-29.867253329999983
393;DISTRIBUIDORA DE PRODUTOS DE PETRÓLEO IPIRANGA S. A.;CRUZ ALTA;RS;IPIRANGA PRODUTOS DE PETRÓLEO S.A;-28.682805;-53.61420833;5948.85;-53.61420832999994;-28.682804999999973
394;RODOIL - RENASCENÇA;RENASCENCA;PR;RODOIL DISTRIBUIDORA DE COMBUSTÍVEIS LTDA;-26.158191;-52.963008;1678.56;-52.963007999999945;-26.15819099999993
395;IPIRANGA PRODUTOS DE PETRÓLEO - LONDRINA/PR;LONDRINA;PR;IPIRANGA PRODUTOS DE PETRÓLEO S.A;-23.27852;-51.21501667;10077.08;-51.215016669999955;-23.278519999999958
396;BASE DE BELÉM;BELEM;PA;PETRÓLEO SABBÁ S.A.;-1.40407;-48.48917667;47904.05;-48.48917666999995;-1.4040699999999333
397;BASE DE ITAITUBA;ITAITUBA;PA;PETRÓLEO SABBÁ S.A.;-4.27827245;-56.00991442;2133.86;-56.00991441999997;-4.2782724499999745
398;TOTAL - BASE INDIV. - UBERLÂNDIA/MG;UBERLANDIA;MG;TOTAL BRASIL DISTRIBUIDORA LTDA;-18.9873358;-48.3938824;325.1;-48.39388239999994;-18.987335799999983
399;BETUNEL - UBERLÂNDIA;UBERLANDIA;MG;BETUNEL INDÚSTRIA E COMÉRCIO LTDA.;-18.86773804;-48.29543433;779;-48.29543432999998;-18.86773803999995
400;MASUT - BASE COMPARTILHADA - UBERLÂNDIA/MG;UBERLANDIA;MG;DISTRIBUIDORA DE COMBUSTIVEIS MASUT LTDA;-18.84786333;-48.2843;5998.12;-48.28429999999997;-18.84786332999994
401;SIMARELLI - BASE - SINOP/MT;SINOP;MT;SIMARELLI DISTRIBUIDORA DE DERIVADOS DE PETRÓLEO LTDA.;-11.990965;-55.51641167;1014.1;-55.51641166999997;-11.99096499999996
402;ALPES - BASE COMPARTILHADA - IGUATEMI/MS;IGUATEMI;MS;ALPES DISTRIBUIDORA DE PETRÓLEO LTDA.;-23.675941;-54.56011;14100;-54.56010999999995;-23.675940999999966
403;DISTRIBUIDORA - VETOR - MANDAGUAÇU/PR;MANDAGUACU;PR;VETOR COMÉRCIO DE COMBUSTÍVEIS LTDA.;-23.346669;-52.095024;860;-52.09502399999997;-23.346668999999963
404;ESTRADA - BASE - CASCAVEL/PR;CASCAVEL;PR;ESTRADA DISTRIBUIDORA DE DERIVADOS DE PETRÓLEO LTDA.;-24.98313;-53.36271333;5912.97;-53.36271332999996;-24.98312999999996
405;MATRIZ;SAO MATEUS DO SUL;PR;RAVATO DISTRIBUIDORA DE COMBUSTIVEIS LTDA.;-25.866392;-50.399924;991.4;-50.39992399999994;-25.866391999999962
406;VIBRA ENERGIA - BASE COMPARTILHADA - IPOJUCA/PE;IPOJUCA;PE;VIBRA ENERGIA S.A.;-8.40069884;-34.96435077;128297;-34.96435076999995;-8.400698839999961
407;IDAZA - BASE COMPARTILHADA - ARAUCÁRIA/PR;ARAUCARIA;PR;IDAZA DISTRIBUIDORA DE PETRÓLEO LTDA;-25.56712167;-49.371425;8736;-49.37142499999993;-25.56712166999995
408;SIMARELLI - BASE - CAMPO GRANDE/MS;CAMPO GRANDE;MS;SIMARELLI DISTRIBUIDORA DE DERIVADOS DE PETRÓLEO LTDA.;-20.4503547;-54.6875525;800;-54.68755249999998;-20.450354699999934
409;RAIZEN - BASE COMPARTILHADA- BETIM/MG;BETIM;MG;RAIZEN COMBUSTÍVEIS S.A.;-19.95614402;-44.10171915;18791;-44.10171914999995;-19.956144019999954
410;VIBRA ENERGIA - BASE - SÃO LUÍS/MA;SAO LUIS;MA;VIBRA ENERGIA S.A.;-2.57310483;-44.36269586;73062;-44.362695859999974;-2.573104829999977
411;ATLÂNTICA - BASE - SERRA/ES;SERRA;ES;ATLÂNTICA PRODUTOS DE PETRÓLEO LTDA.;-20.18383167;-40.22745167;1076.12;-40.22745166999994;-20.18383166999996
412;ALESAT - BASE COMPARTILHADA - BRASILIA/DF;BRASILIA;DF;ALESAT COMBUSTÍVEIS S. A.;-15.79638833;-47.978615;5249.38;-47.978614999999934;-15.796388329999957
413;PETROSERRA - BASE - TEIXEIRA DE FREITAS/BA;TEIXEIRA DE FREITAS;BA;PETROSERRA DISTRIBUIDORA DE PETRÓLEO LTDA;-17.591353;-39.744881;153.1;-39.744880999999964;-17.59135299999997
414;LARCO - BASE  - LUIS EDUARDO MAGALHAES/BA;LUIS EDUARDO MAGALHAES;BA;LARCO COMERCIAL DE PRODUTOS DE PETRÓLEO LTDA.;-12.08878;-45.76364;91.7;-45.76363999999995;-12.088779999999929
415;VIBRA ENERGIA S.A.;CAMACARI;BA;VIBRA ENERGIA S.A.;-12.66129167;-38.31666667;28349;-38.31666666999996;-12.661291669999969
416;ASTER - SÃO JOSE DO RIO PRETO - SP;SAO JOSE DO RIO PRETO;SP;ASTER PETRÓLEO LTDA.;-20.7308;-49.341086;3809;-49.34108599999996;-20.73079999999993
417;RAIZEN - BASE - SÃO JOSÉ DO RIO PRETO/SP;SAO JOSE DO RIO PRETO;SP;RAIZEN COMBUSTÍVEIS S.A.;-20.79261667;-49.38827167;5268.61;-49.38827166999994;-20.792616669999973
418;IPIRANGA - BASE - SÃO JOSÉ DO RIO PRETO/SP;SAO JOSE DO RIO PRETO;SP;IPIRANGA PRODUTOS DE PETRÓLEO S.A;-20.793825;-49.38962167;2571.28;-49.38962166999994;-20.79382499999997
419;IPIRANGA - BASE - PAULÍNIA/SP (EX CHEVRON);PAULINIA;SP;IPIRANGA PRODUTOS DE PETRÓLEO S.A;-22.728635;-47.14841333;20061;-47.14841332999998;-22.72863499999994
420;TORRÃO - BASE - PAULÍNIA/SP II;PAULINIA;SP;DISTRIBUIDORA DE COMBUSTÍVEL TORRÃO LTDA.;-22.71272;-47.13490167;9503;-47.13490166999998;-22.712719999999933
421;VIBRA ENERGIA S.A.;BARUERI;SP;VIBRA ENERGIA S.A.;-23.50849263;-46.81555946;33123;-46.815559459999974;-23.508492629999978
422;BASE DE SENADOR GUIOMARD;SENADOR GUIOMARD;AC;DISTRIBUIDORA EQUADOR DE PRODUTOS DE PETRÓLEO LTDA.;-10.01323667;-67.727495;400;-67.72749499999998;-10.01323666999997
423;PETROZIL JC - BASE - PARAÍSO/SP;PARAISO;SP;PETROZIL JC DISTRIBUIDORA DE COMBUSTÍVEIS LTDA;-21.02884;-48.75928667;1984.56;-48.75928666999994;-21.028839999999946
424;RAIZEN MIME - BASE - IÇARA/SC;ICARA;SC;RAIZEN MIME COMBUSTIVEIS S/A.;-28.76964667;-49.30784;1506.97;-49.30783999999994;-28.76964666999993
425;BASE DE GUARARAPES;GUARARAPES;SP;CIAPETRO DISTRIBUIDORA DE COMBUSTÍVEIS LTDA;-21.208186;-50.645902;1113.36;-50.64590199999998;-21.208185999999955
426;BASE DE GUARULHOS - CONDOMÍNIO TEMOPE;GUARULHOS;SP;CARBOPETRO DISTRIBUIDORA DE PETRÓLEO LTDA.;-23.467935;-46.43959667;8025.34;-46.43959666999996;-23.467934999999954
427;STOCK - BASE (EX POOL JÓIA) - BAURU/SP;BAURU;SP;STOCK DISTRIBUIDORA DE PETRÓLEO LTDA;-22.31776892;-49.05218832;6698.09;-49.05218831999997;-22.317768919999935
428;ATEM'S - BASE - PORTO VELHO/RO;PORTO VELHO;RO;ATEM' S DISTRIBUIDORA DE PETRÓLEO S.A.;-8.7012;-63.917985;15058.9;-63.91798499999999;-8.701199999999972
429;VIBRA ENERGIA S.A.;VILHENA;RO;VIBRA ENERGIA S.A.;-12.741472;-60.130374;2840;-60.13037399999996;-12.74147199999993
430;REJAILE - BASE - ITAJAÍ/SC;ITAJAI;SC;REJAILE DISTRIBUIDORA DE PETRÓLEO LTDA;-26.948725;-48.7104;6493.18;-48.710399999999936;-26.948724999999968
431;MINUANO - BASE - DUQUE DE CAXIAS/RJ;DUQUE DE CAXIAS;RJ;MINUANO PETRÓLEO LTDA.;-22.70987907;-43.27403999;7413.47;-43.27403998999995;-22.709879069999943
432;RAIZEN - DUQUE DE CAXIAS/RJ;DUQUE DE CAXIAS;RJ;RAIZEN COMBUSTÍVEIS S.A.;-22.71074993;-43.28953714;32767.12;-43.289537139999936;-22.710749929999963
433;RODOPETRO - CAXIAS (EX ALCOM COMERCIO DE OLEOS LTDA);DUQUE DE CAXIAS;RJ;RODOPETRO DISTRIBUIDORA DE PETRÓLEO LTDA.;-22.66255882;-43.30094059;900;-43.30094058999998;-22.66255881999996
434;ALESAT - BASE - DUQUE DE CAXIAS/RJ;DUQUE DE CAXIAS;RJ;ALESAT COMBUSTÍVEIS S. A.;-22.70812833;-43.276795;9982;-43.276794999999936;-22.708128329999965
435;RAÍZEN - BASE - DUQUE DE CAXIAS/RJ;DUQUE DE CAXIAS;RJ;RAIZEN COMBUSTÍVEIS S.A.;-22.703375;-43.283525;72118.15;-43.28352499999994;-22.703374999999937
436;IDAZA-  BASE - GUARAPUAVA/PR;GUARAPUAVA;PR;IDAZA DISTRIBUIDORA DE PETRÓLEO LTDA;-25.39816667;-51.53696333;1538.13;-51.536963329999935;-25.398166669999966
437;RAÍZEN - BASE - ESTEIO/RS;ESTEIO;RS;RAIZEN COMBUSTÍVEIS S.A.;-29.86546;-51.17901167;27605.1;-51.179011669999966;-29.865459999999928
438;SUL COMBUSTÍVEIS LTDA.;SANTA MARIA;RS;SUL COMBUSTÍVEIS LTDA.;-29.70103333;-53.69585667;856.42;-53.695856669999955;-29.701033329999973
439;VIBRA ENERGIA S.A.;LONDRINA;PR;VIBRA ENERGIA S.A.;-23.278035;-51.21241333;20176.16;-51.21241332999995;-23.27803499999993
440;RAÍZEN - BASE - ALTO TAQUARI/MT;ALTO TAQUARI;MT;RAIZEN COMBUSTÍVEIS S.A.;-18.00531167;-53.179105;10802;-53.179104999999936;-18.00531166999997
441;VIBRA ENERGIA DISTRIBUIDORA - BASE - ALTO TAQUARI/MT;ALTO TAQUARI;MT;VIBRA ENERGIA S.A.;-17.99677333;-53.18402;12604;-53.184019999999975;-17.99677332999994
442;ROYAL FIC - BASE - CUIABÁ/MT;CUIABA;MT;ROYAL FIC DISTRIBUIDORA DE DERIVADOS DE PETRÓLEO S/A;-15.67393;-55.97290833;7704.49;-55.97290832999994;-15.673929999999928
443;VIBRA ENERGIA S.A.;CUIABA;MT;VIBRA ENERGIA S.A.;-15.669965;-55.982525;5361.03;-55.98252499999995;-15.669964999999934
444;BASE DE UBERABA;UBERABA;MG;DISTRIBUIDORA RIO BRANCO DE PETRÓLEO LTDA.;-19.98970405;-47.89991704;790.05;-47.899917039999934;-19.989704049999943
445;IPIRANGA - BASE - RONDONOPOLIS/MT;RONDONOPOLIS;MT;IPIRANGA PRODUTOS DE PETRÓLEO S.A;-16.69666833;-54.68565333;10745;-54.68565332999998;-16.696668329999966
446;SMALL DIST. DE DER. DE PET. LTDA. (EX- BUFFALO PETRÓLEO DO BRASIL LTDA.);SINOP;MT;SMALL DISTRIBUIDORA DE DERIVADOS DE PETRÓLEO LTDA.;-11.99371667;-55.51846167;996;-55.518461669999965;-11.99371666999997
447;RAIZEN - BASE - CABEDELO/PB;CABEDELO;PB;RAIZEN COMBUSTÍVEIS S.A.;-6.969495;-34.83946833;22370.5;-34.83946832999993;-6.969494999999938
448;ALPES - BASE - ARAUCÁRIA/PR;ARAUCARIA;PR;ALPES DISTRIBUIDORA DE PETRÓLEO LTDA.;-25.556975;-49.366305;6658.85;-49.366304999999954;-25.556974999999966
449;RAIZEN - ARAUCARIA/PR;ARAUCARIA;PR;RAIZEN COMBUSTÍVEIS S.A.;-25.55729833;-49.355545;192378.57;-49.35554499999995;-25.55729832999998
450;RAÍZEN - BASE - CAMPOGRANDE/MS;CAMPO GRANDE;MS;RAIZEN COMBUSTÍVEIS S.A.;-20.4527551;-54.6943638;7128.98;-54.69436379999996;-20.452755099999933
451;IPIRANGA - BASE - CAMPO GRANDE/MS;CAMPO GRANDE;MS;IPIRANGA PRODUTOS DE PETRÓLEO S.A;-20.4524707;-54.6877476;8206.2;-54.687747599999966;-20.452470699999935
452;SABBÁ -  BASE COMPARTILHADA - AÇAILANDIA/MA;ACAILANDIA;MA;PETRÓLEO SABBÁ S.A.;-4.90345805;-47.39614787;19885.48;-47.396147869999936;-4.9034580499999265
453;PETROSERRA - BASE - JEQUIÉ/BA;JEQUIE;BA;PETROSERRA DISTRIBUIDORA DE PETRÓLEO LTDA;-13.83902074;-40.10888688;5903.07;-40.10888687999994;-13.839020739999967
454;IPIRANGA - LÍQUIDOS - SÃO CAETANO DO SUL/SP;SAO CAETANO DO SUL;SP;IPIRANGA PRODUTOS DE PETRÓLEO S.A;-23.61187257;-46.55583256;29847.74;-46.55583255999994;-23.611872569999946
455;VIBRA ENERGIA - BASE - SÃO PAULO/SP;SAO PAULO;SP;VIBRA ENERGIA S.A.;-23.60947388;-46.58590685;53608;-46.58590684999996;-23.60947387999994
456;ROYAL FIC - BASE - PAULÍNIA/SP;PAULINIA;SP;ROYAL FIC DISTRIBUIDORA DE DERIVADOS DE PETRÓLEO S/A;-22.71085167;-47.14018;10197.72;-47.14017999999993;-22.710851669999954
457;VIBRA ENERGIA S.A.;RIO BRANCO;AC;VIBRA ENERGIA S.A.;-9.96511833;-67.79116833;7283.1;-67.79116832999995;-9.965118329999939
458;RUFF CJ DISTRIBUIDORA DE PETRÓLEO LTDA;RIBEIRAO PRETO;SP;RUFF CJ DISTRIBUIDORA DE PETRÓLEO LTDA;-21.132855;-47.86076167;9940;-47.86076166999993;-21.13285499999995
459;VIBRA ENERGIA S.A.;NATAL;RN;VIBRA ENERGIA S.A.;-5.769419;-35.20081;38330;-35.20080999999993;-5.769418999999971
460;RAIZEN MIME - BASE - IRANI/SC;IRANI;SC;RAIZEN MIME COMBUSTIVEIS S/A.;-26.99406167;-51.87288167;490;-51.87288166999997;-26.99406166999995
461;VIBRA ENERGIA S.A.;CANOAS;RS;VIBRA ENERGIA S.A.;-29.86776167;-51.17774;64464.95;-51.17773999999997;-29.867761669999936
462;CHARRUA - BASE - CORONEL BARROS/RS;CORONEL BARROS;RS;DISTRIBUIDORA DE PRODUTOS DE PETRÓLEO CHARRUA LTDA;-28.38310667;-54.081555;2581.44;-54.08155499999998;-28.38310666999996
463;BASE DE PIÇARRAS;BALNEARIO PICARRAS;SC;IDAZA DISTRIBUIDORA DE PETRÓLEO LTDA;-26.77629833;-48.68651333;1493.85;-48.68651332999997;-26.776298329999975
464;VIBRA ENERGIA - BASE - GUAMARÉ/RN;GUAMARE;RN;VIBRA ENERGIA S.A.;-5.135671;-36.389705;25500.42;-36.389704999999935;-5.135670999999945
465;BR - RAIZEN - POOL GUARAPUAVA;GUARAPUAVA;PR;VIBRA ENERGIA S.A.;-25.401835;-51.48736833;5578;-51.48736832999998;-25.40183499999995
466;IPIRANGA GUARAPUAVA (EX-CHEVRON BRASIL LTDA.);GUARAPUAVA;PR;IPIRANGA PRODUTOS DE PETRÓLEO S.A;-25.39455667;-51.48588333;6178.68;-51.48588332999998;-25.39455666999993
467;VIBRA ENERGIA S.A.;IJUI;RS;VIBRA ENERGIA S.A.;-28.4;-53.92197667;5834.3;-53.921976669999935;-28.399999999999977
468;PANTERA - BASE - UMUARAMA/PR;UMUARAMA;PR;PANTERA DISTRIBUIDORA DE COMBUSTÍVEIS S/A.;-23.74408;-53.25690833;770;-53.25690832999993;-23.74407999999994
469;BASE-PETROLIMP-BARRA MANSA;BARRA MANSA;RJ;76 OIL DISTRIBUIDORA DE COMBUSTÍVEIS S/A;-22.56073205;-44.12761498;2255;-44.127614979999976;-22.560732049999956
470;IPIRANGA - BASE - BELÉM/PA;BELEM;PA;IPIRANGA PRODUTOS DE PETRÓLEO S.A;-1.40475833;-48.49187167;21257;-48.491871669999966;-1.404758329999936
471;CIAPETRO - CIANORTE;CIANORTE;PR;CIAPETRO DISTRIBUIDORA DE COMBUSTÍVEIS LTDA;-23.673005;-52.589625;210;-52.589624999999955;-23.673004999999932
472;TOTAL - BASE INDIV. - BARRA DO GARÇAS/MT;BARRA DO GARCAS;MT;TOTAL BRASIL DISTRIBUIDORA LTDA;-15.877727;-52.3552354;2907.79;-52.35523539999997;-15.877726999999936
473;WATT - BASE - CUIABÁ/MT;CUIABA;MT;WATT DISTRIBUIDORA BRASILEIRA DE COMBUSTÍVEIS E DERIVADOS DE PETRÓLEO LTDA;-15.66824333;-55.95958833;1666.34;-55.959588329999974;-15.668243329999939
474;IDAZA - CUIABÁ;CUIABA;MT;IDAZA DISTRIBUIDORA DE PETRÓLEO LTDA;-15.66834167;-55.99063833;3060.48;-55.99063832999997;-15.668341669999961
475;BASE DE CUIABÁ;CUIABA;MT;PETROZARA DISTRIBUIDORA DE PETRÓLEO LTDA.;-15.64856833;-56.000805;1760;-56.00080499999996;-15.648568329999932
476;SIMARELLI - BASE - CUIABA/MT;CUIABA;MT;SIMARELLI DISTRIBUIDORA DE DERIVADOS DE PETRÓLEO LTDA.;-15.66893;-55.98101833;855.41;-55.98101832999998;-15.668929999999932
477;BASE DE SANTARÉM;SANTAREM;PA;PETRÓLEO SABBÁ S.A.;-2.41776;-54.73917167;5524;-54.73917166999996;-2.41775999999993
478;BASE DE RONDONÓPOLIS - RAÍZEN;RONDONOPOLIS;MT;RAIZEN COMBUSTÍVEIS S.A.;-16.69684667;-54.68712833;21957.11;-54.68712832999995;-16.696846669999957
479;BASE DE CASCAVEL;CASCAVEL;PR;BRASOIL DISTRIBUIDORA DE PETRÓLEO LTDA.;-25.01262667;-53.53536;1038;-53.53535999999997;-25.012626669999975
480;IPIRANGA - BASE - MONTES CLAROS/MG;MONTES CLAROS;MG;IPIRANGA PRODUTOS DE PETRÓLEO S.A;-16.68563659;-43.86286869;5657.26;-43.86286868999997;-16.685636589999945
481;CHEVRON BRASIL LTDA.;ALMEIRIM;PA;IPIRANGA PRODUTOS DE PETRÓLEO S.A;0;0;12769;NaN;NaN
482;RIO GRANDE - PASSOS - MG (EX REAL MINAS PETRÓLEO LTDA).;PASSOS;MG;REDE SOL FUEL DISTRIBUIDORA S/A.;-20.73686714;-46.65142714;2273;-46.65142713999995;-20.73686713999996
483;ROYAL FIC - BASE - CAMPO GRANDE/MS;CAMPO GRANDE;MS;ROYAL FIC DISTRIBUIDORA DE DERIVADOS DE PETRÓLEO S/A;-20.4610183;-54.550251;840;-54.550250999999946;-20.461018299999978
484;IPIRANGA - BASE - SÃO LUÍS/MA;SAO LUIS;MA;IPIRANGA PRODUTOS DE PETRÓLEO S.A;-2.57520983;-44.36451066;19340;-44.36451065999995;-2.575209829999949
485;RAIZEN - BASE COMPARTILHADA - BRASILIA/DF;BRASILIA;DF;RAIZEN COMBUSTÍVEIS S.A.;-15.79953322;-47.97801267;26835.14;-47.97801266999994;-15.799533219999944
486;PETROSUL - BASE COMPART. -  SENADOR CANEDO/GO;SENADOR CANEDO;GO;PETROSUL DISTRIBUIDORA TRANSPORTADORA E COMÉRCIO DE COMBUSTÍVEIS LTDA;-16.71168251;-49.10592631;12412;-49.10592630999997;-16.711682509999946
487;PETRONOL - BASE COMPARTILHADA - FEIRA DE SANTANA/BA;FEIRA DE SANTANA;BA;PETRONOL DISTRIBUIDORA DE PETRÓLEO E ETANOL LTDA.;-12.358345;-38.84326833;12441.06;-38.843268329999944;-12.358344999999929
488;VIBRA ENERGIA S.A.;CRATO;CE;VIBRA ENERGIA S.A.;-7.22068639;-39.37447898;7778;-39.374478979999935;-7.220686389999969
489;ALESAT - BASE - LUIS EDUARDO MAGALHAES/BA;LUIS EDUARDO MAGALHAES;BA;ALESAT COMBUSTÍVEIS S. A.;-12.089435;-45.75965333;3109.78;-45.759653329999935;-12.08943499999998
490;BR- BASE CRUZEIRO DO SUL - AC II;CRUZEIRO DO SUL;AC;VIBRA ENERGIA S.A.;-7.6172934;-72.6498871;30662.52;-72.64988709999994;-7.617293399999937
491;ALESAT - BASE - GOIANIA/GO;GOIANIA;GO;ALESAT COMBUSTÍVEIS S. A.;-16.6717803;-49.20025902;4144;-49.200259019999976;-16.671780299999966
492;IPIRANGA PRODUTOS DE PETRÓLEO - PAULÍNIA/SP;PAULINIA;SP;IPIRANGA PRODUTOS DE PETRÓLEO S.A;-22.72476643;-47.14772213;116082;-47.14772212999998;-22.72476642999993
493;BASE DE PORTO NACIONAL;PORTO NACIONAL;TO;RAIZEN COMBUSTÍVEIS S.A.;-10.21414077;-48.5518958;13764.99;-48.551895799999954;-10.214140769999972
494;VIBRA ENERGIA S.A.;OURINHOS;SP;VIBRA ENERGIA S.A.;-23.00343333;-49.88719;3773;-49.887189999999975;-23.00343332999995
495;DIBRAPE - BASE - GUARAMIRIM/SC;GUARAMIRIM;SC;DIBRAPE DISTRIBUIDORA BRASILEIRA DE PETRÓLEO LTDA.;-26.45365565;-48.9101862;5605.5;-48.91018619999994;-26.453655649999973
496;SABBÁ - CONDOMÍNIO - PORTO VELHO/RO;PORTO VELHO;RO;PETRÓLEO SABBÁ S.A.;-8.70800167;-63.91884;12254.6;-63.91883999999993;-8.70800166999993
497;RAIZEN MIME - BASE - JARAGUA DO SUL/SC;JARAGUA DO SUL;SC;RAIZEN MIME COMBUSTIVEIS S/A.;-26.46033333;-49.039315;840;-49.03931499999993;-26.46033332999997
498;VIBRA ENERGIA S.A.;DUQUE DE CAXIAS;RJ;VIBRA ENERGIA S.A.;-22.70717166;-43.28912249;74216.47;-43.289122489999954;-22.707171659999972
499;SERCOM DISTRIBUIDORA DE COMBUSTÍVEIS LTDA;CONCHAL;SP;SERCOM DISTRIBUIDORA DE COMBUSTÍVEIS LTDA;-22.352041;-47.159993;840.63;-47.159992999999986;-22.35204099999993
500;IPIRANGA - BASE - CUBATÃO/SP;CUBATAO;SP;IPIRANGA PRODUTOS DE PETRÓLEO S.A;-23.888185;-46.44330333;11131.68;-46.443303329999935;-23.888184999999964
501;VIBRA ENERGIA S.A.;CUBATAO;SP;VIBRA ENERGIA S.A.;-23.88757;-46.43427833;34016.5;-46.434278329999984;-23.887569999999982
502;VIBRA ENERGIA - BASE COMPARTILHADA - TERESINA/PI;TERESINA;PI;VIBRA ENERGIA S.A.;-5.09537667;-42.76239833;14679;-42.76239832999994;-5.0953766699999505
503;BASE DE LAJEADO;LAJEADO;RS;DISTRIBUIDORA DE PRODUTOS DE PETRÓLEO CHARRUA LTDA;-29.44152167;-51.97157;1807.87;-51.971569999999986;-29.44152166999993
504;CHARRUA - BASE COMPARTILHADA - ESTEIO/RS;ESTEIO;RS;DISTRIBUIDORA DE PRODUTOS DE PETRÓLEO CHARRUA LTDA;-29.86307833;-51.17859833;23603;-51.17859832999994;-29.86307832999995
505;UNIBRASPE - BASE - ESTEIO/RS;ESTEIO;RS;UNIBRASPE BRASILEIRA DE PETRÓLEO S/A.;-29.86197333;-51.18951167;39145.83;-51.189511669999945;-29.861973329999955
506;ALPES - BASE UMUARAMA/PR;UMUARAMA;PR;ALPES DISTRIBUIDORA DE PETRÓLEO LTDA.;-23.74396972;-53.25738596;2350;-53.257385959999965;-23.74396971999994
507;LONDRINA - PR;LONDRINA;PR;STANG DISTRIBUIDORA DE PETRÓLEO LTDA.;-23.27855341;-51.22168867;1015;-51.221688669999935;-23.278553409999972
508;VIBRA ENERGIA S.A.;BELEM;PA;VIBRA ENERGIA S.A.;-1.40557547;-48.49172434;54486;-48.49172433999996;-1.4055754699999738
509;IPIRANGA - BASE - ITAITUBA/PA;ITAITUBA;PA;IPIRANGA PRODUTOS DE PETRÓLEO S.A;-4.28409833;-56.027515;1426.41;-56.02751499999994;-4.284098329999949
510;VIBRA ENERGIA - BASE - JURUTI/PA;JURUTI;PA;VIBRA ENERGIA S.A.;0;0;2270;NaN;NaN
511;ECOMAT - ECOLÓGICA MATO GROSSO INDÚSTRIA E COMÉRCIO;CUIABA;MT;ECOMAT - ECOLÓGICA MATO GROSSO INDÚSTRIA E COMÉRCIO LTDA.;-15.661345;-55.991245;2337.45;-55.991244999999935;-15.661344999999926
512;BASE DE CUIABÁ;CUIABA;MT;ALFA DISTRIBUIDORA DE PETRÓLEO LTDA.;-15.674035;-55.97241167;1050;-55.972411669999985;-15.674034999999947
513;CONDOMINIO VARZEA-GRANDENSE DE ARMAZENAMENTO DE PETROLEO - CVAP;VARZEA GRANDE;MT;ALESAT COMBUSTÍVEIS S. A.;-15.6413717;-56.1283204;3854;-56.12832039999995;-15.64137169999998
514;IPP -CASCAVEL - PR;CASCAVEL;PR;IPIRANGA PRODUTOS DE PETRÓLEO S.A;-24.99522667;-53.30581833;4740.12;-53.305818329999965;-24.995226669999965
515;UNIBRASPE;ARAUCARIA;PR;UNIBRASPE BRASILEIRA DE PETRÓLEO S/A.;-25.57389167;-49.37412167;36583.05;-49.374121669999965;-25.573891669999966
516;REJAILE - BASE - ARAUCÁRIA/PR;ARAUCARIA;PR;REJAILE DISTRIBUIDORA DE PETRÓLEO LTDA;-25.557545;-49.370825;12121.62;-49.37082499999997;-25.557544999999948
517;COM. DE DERIV. DE PETRÓLEO ISABELLA LTDA - ASSIS CHATEAUBRIAND;ASSIS CHATEAUBRIAND;PR;COMÉRCIO DE DERIVADOS DE PETRÓLEO ISABELLA LTDA.;-24.42080333;-53.52975333;866.11;-53.52975332999995;-24.420803329999956
518;VIBRA ENERGIA - BASE - CAMPO GRANDE/MS;CAMPO GRANDE;MS;VIBRA ENERGIA S.A.;-20.4534821;-54.6773718;29613.82;-54.677371799999946;-20.453482099999974
519;TAURUS - BASE - DOURADOS/MS;DOURADOS;MS;TAURUS DISTRIBUIDORA DE PETRÓLEO LTDA;-22.21592833;-54.71824667;1083.82;-54.718246669999985;-22.21592832999994
520;VIBRA ENERGIA - BASE - BETIM/MG;BETIM;MG;VIBRA ENERGIA S.A.;-19.95967112;-44.09359566;100149.92;-44.09359565999995;-19.95967111999994
521;IPIRANGA - CONDOMÍNIO IMBIRUÇU- BETIM/MG II;BETIM;MG;IPIRANGA PRODUTOS DE PETRÓLEO S.A;-19.94804605;-44.10656682;15417.53;-44.106566819999955;-19.94804604999996
522;RAÍZEN - BASE COMPARTILHADA - SÃO FRANCISCO DO CONDE/BA;SAO FRANCISCO DO CONDE;BA;RAIZEN COMBUSTÍVEIS S.A.;-12.70729333;-38.58613833;30376;-38.58613832999998;-12.70729332999997
523;IPIRANGA - BASE - SANTANA/AP;SANTANA;AP;IPIRANGA PRODUTOS DE PETRÓLEO S.A;-0.041355;-51.181246;23231;-51.18124599999993;-0.04135499999995318
524;BASE GLOBAL DISTRIBUIDORA - BARREIRAS - BA;BARREIRAS;BA;GLOBAL DISTRIBUIDORA DE COMBUSTÍVEIS LTDA.;-12.13701667;-44.96691;246;-44.966909999999984;-12.13701666999998
525;PETROBAHIA - LUIS EDUARDO MAGALHÃES - BA;LUIS EDUARDO MAGALHAES;BA;PETROBAHIA S/A;-12.08914;-45.76690333;2024.6;-45.766903329999934;-12.08913999999993
526;ATEM¿S - BASE - CRUZEIRO DO SUL/AC;CRUZEIRO DO SUL;AC;ATEM' S DISTRIBUIDORA DE PETRÓLEO S.A.;-7.61982333;-72.65297333;923.2;-72.65297332999995;-7.619823329999974
527;VIBRA ENERGIA - BASE - GOIANIA/GO;GOIANIA;GO;VIBRA ENERGIA S.A.;-16.66743336;-49.20611889;38001;-49.20611888999997;-16.66743335999996
528;VIBRA ENERGIA S.A.;MACEIO;AL;VIBRA ENERGIA S.A.;-9.67736167;-35.71969833;21326;-35.71969832999997;-9.677361669999925
529;RUFF CJ DISTRIBUIDORA DE PETRÓLEO LTDA;PAULINIA;SP;RUFF CJ DISTRIBUIDORA DE PETRÓLEO LTDA;-22.71164667;-47.14198833;12900;-47.14198832999995;-22.711646669999936
530;RAÍZEN - BASE BARUERI - SP;BARUERI;SP;RAIZEN COMBUSTÍVEIS S.A.;-23.50637839;-46.82962991;28813.63;-46.82962990999994;-23.506378389999952
531;PÉTROSOJA - BASE - GURUPI/TO;GURUPI;TO;PETROSOJA DISTRIBUIDORA DE DERIVADOS DE PETRÓLEO LTDA;-11.64920437;-49.05713428;1078.3;-49.05713427999996;-11.64920436999995
532;VIBRA ENERGIA - BASE - PORTO NACIONAL/TO;PORTO NACIONAL;TO;VIBRA ENERGIA S.A.;-10.21154696;-48.55172767;29563;-48.551727669999934;-10.211546959999964
533;SABBÁ - BASE - MANAUS/AM;MANAUS;AM;PETRÓLEO SABBÁ S.A.;-3.14655333;-59.95129;26131;-59.95128999999997;-3.1465533299999606
534;VIBRA ENERGIA S.A.;MANAUS;AM;VIBRA ENERGIA S.A.;-3.14710167;-59.958085;53283;-59.95808499999998;-3.147101669999927
535;DISTRIBUIDORA EQUATORIAL DE PRODUTOS DE PETRÓLEO LTDA;MANAUS;AM;DISTRIBUIDORA EQUADOR DE PRODUTOS DE PETRÓLEO LTDA.;-3.14459833;-59.95989;7462;-59.95988999999997;-3.144598329999951
536;RAÍZEN - BASE - BAURU/SP;BAURU;SP;RAIZEN COMBUSTÍVEIS S.A.;-22.31598378;-49.04561715;11705.2;-49.04561714999994;-22.315983779999954
537;IPIRANGA PRODUTOS DE PETRÓLEO SA (EX-DIST. EQUADOR DE PROD DE PETRÓLEO LTDA);PORTO VELHO;RO;IPIRANGA PRODUTOS DE PETRÓLEO S.A;-8.70971833;-63.91904333;9107;-63.919043329999965;-8.70971832999993
538;VIBRA ENERGIA S.A.;CARACARAI;RR;VIBRA ENERGIA S.A.;1.810715;-61.129216;7282.18;-61.129215999999985;1.810715000000073
539;IPIRANGA - CONDOMÍNIO - ITAJAÍ/SC;ITAJAI;SC;IPIRANGA PRODUTOS DE PETRÓLEO S.A;-26.9502;-48.71032667;17646.43;-48.71032666999997;-26.95019999999994
540;MANGUINHOS - BASE - DUQUE DE CAXIAS/RJ;DUQUE DE CAXIAS;RJ;MANGUINHOS DISTRIBUIDORA S. A.;-22.708225;-43.27787667;4228.48;-43.277876669999955;-22.70822499999997
541;FERA - BASE - ARUJÁ/SP;ARUJA;SP;FERA LUBRIFICANTES LTDA.;-23.40613627;-46.35688868;5536.81;-46.35688867999994;-23.406136269999934
542;IPIRANGA - BASE - PASSO FUNDO/RS;PASSO FUNDO;RS;IPIRANGA PRODUTOS DE PETRÓLEO S.A;-28.23870333;-52.39741833;23316.15;-52.39741832999994;-28.238703329999964
543;VIBRA ENERGIA - BASE - VITÓRIA DO XINGU/PA;VITORIA DO XINGU;PA;VIBRA ENERGIA S.A.;0;0;4683;NaN;NaN
544;ATEM'S - BASE - ITAITUBA/PA;ITAITUBA;PA;ATEM' S DISTRIBUIDORA DE PETRÓLEO S.A.;-4.266072;-55.932395;12441.32;-55.932394999999985;-4.2660719999999515
545;ARAPETRO - BASE DE COMBUSTIVEIS - SINOP/MT;SINOP;MT;ARAPETRO DISTRIBUIDORA DE PETRÓLEO LTDA.;-11.78915;-55.47407333;1000.3;-55.47407332999995;-11.78914999999995
546;IMPERIAL - BASE - VÁRZEA GRANDE/MT;VARZEA GRANDE;MT;IMPERIAL DISTRIBUIDORA DE PETRÓLEO LTDA.;-15.68381667;-56.17412333;3007.83;-56.174123329999986;-15.683816669999942
547;UNI COMBUSTÍVEIS LTDA;PINHAIS;PR;UNI COMBUSTÍVEIS LTDA;-25.39336333;-49.18406333;969;-49.18406332999996;-25.393363329999943
548;VIBRA ENERGIA - BASE - CABEDELO/PB;CABEDELO;PB;VIBRA ENERGIA S.A.;-6.96691;-34.838235;12071.44;-34.83823499999994;-6.9669099999999275
549;VIBRA ENERGIA S.A.;ORIXIMINA;PA;VIBRA ENERGIA S.A.;-1.46266333;-56.38437;5261.06;-56.38436999999993;-1.4626633299999412
550;PELIKANO - ARAUCARIA;ARAUCARIA;PR;PELIKANO DISTRIBUIDORA DE PETRÓLEO LTDA;-25.55386;-49.36997333;1723.05;-49.36997332999994;-25.55385999999993
551;BASE CONDOMÍNIO  PONTUAL - ARAUCÁRIA;ARAUCARIA;PR;PONTUAL BRASIL PETRÓLEO LTDA;-25.55291249;-49.36898175;27002.8;-49.36898174999993;-25.552912489999983
552;DEVA - BASE - JAÍBA/MG;JAIBA;MG;DEVA DISTRIBUIDORA DE COMBUSTÍVEIS LTDA.;-15.19898667;-43.88813333;1000;-43.88813332999996;-15.198986669999954
553;TDC - BASE COMPART. - BRASÍLIA/DF;BRASILIA;DF;TDC DISTRIBUIDORA DE COMBUSTÍVEIS S/A.;-15.797135;-47.97427;6329.87;-47.97426999999993;-15.797134999999969
554;CONDOMÍNIO COMERCIAL BRASIL GOIÁS;SENADOR CANEDO;GO;ARAGUAIA DISTRIBUIDORA DE COMBUSTÍVEIS S.A;-16.71296;-49.10760833;2864;-49.10760832999995;-16.712959999999953
555;VIBRA ENERGIA S.A.;NIQUELANDIA;GO;VIBRA ENERGIA S.A.;-14.3471939;-48.44068022;5000;-48.44068021999993;-14.34719389999998
556;TRANSO - BASE COMPARTILHADA - PAULÍNIA/SP;PAULINIA;SP;TRANSO COMBUSTÍVEIS LTDA;-22.72118833;-47.14575167;19710;-47.14575166999998;-22.72118832999996
557;MONTE CABRAL - PAULÍNIA - CNPJ NOVO;PAULINIA;SP;MONTE CABRAL DISTRIBUIDORA DE COMBUSTÍVEIS LTDA.;-22.73319833;-47.16324167;1626.72;-47.163241669999934;-22.733198329999937
558;TORRÃO - PAULÍNIA - SP;PAULINIA;SP;DISTRIBUIDORA DE COMBUSTÍVEL TORRÃO LTDA.;-22.72702833;-47.14690167;7354.65;-47.14690166999998;-22.72702832999994
559;RM - BASE - PAULÍNIA/SP;PAULINIA;SP;RM PETRÓLEO LTDA;-22.73593;-47.14837333;50899;-47.14837332999997;-22.73592999999994
560;IPIRANGA - BASE - BARUERI/SP;BARUERI;SP;IPIRANGA PRODUTOS DE PETRÓLEO S.A;-23.50565097;-46.83062829;24199.27;-46.830628289999936;-23.505650969999976
