Soja - Valor da produção (2024),,
localidade,valor,unidade
Acauã - PI,-,Mil Reais
Agricolândia - PI,6.678,Mil Reais
Água Branca - PI,-,Mil Reais
Alagoinha do Piauí - PI,-,Mil Reais
Alegrete do Piauí - PI,-,Mil Reais
Alto Longá - PI,-,Mil Reais
Altos - PI,-,Mil Reais
Alvorada do Gurguéia - PI,34.288,Mil Reais
Amarante - PI,-,Mil Reais
Angical do Piauí - PI,-,Mil Reais
Anísio de Abreu - PI,-,Mil Reais
Antônio Almeida - PI,45.041,Mil Reais
Aroazes - PI,-,Mil Reais
Arraial - PI,-,Mil Reais
Assunção do Piauí - PI,-,Mil Reais
Avelino Lopes - PI,-,Mil Reais
Baixa Grande do Ribeiro - PI,1.955.021,Mil Reais
Barra d`Alcântara - PI,-,Mil Reais
Barras - PI,932,Mil Reais
Barreiras do Piauí - PI,118.985,Mil Reais
Barro Duro - PI,-,Mil Reais
Batalha - PI,-,Mil Reais
Bela Vista do Piauí - PI,-,Mil Reais
Belém do Piauí - PI,-,Mil Reais
Beneditinos - PI,-,Mil Reais
Bertolínia - PI,-,Mil Reais
Betânia do Piauí - PI,-,Mil Reais
Boa Hora - PI,5.592,Mil Reais
Bocaina - PI,-,Mil Reais
Bom Jesus - PI,643.421,Mil Reais
Bom Princípio do Piauí - PI,-,Mil Reais
Bonfim do Piauí - PI,-,Mil Reais
Boqueirão do Piauí - PI,-,Mil Reais
Brasileira - PI,-,Mil Reais
Brejo do Piauí - PI,-,Mil Reais
Buriti dos Lopes - PI,1.078,Mil Reais
Buriti dos Montes - PI,-,Mil Reais
Cabeceiras do Piauí - PI,-,Mil Reais
Cajazeiras do Piauí - PI,-,Mil Reais
Cajueiro da Praia - PI,-,Mil Reais
Caldeirão Grande do Piauí - PI,-,Mil Reais
Campinas do Piauí - PI,-,Mil Reais
Campo Alegre do Fidalgo - PI,-,Mil Reais
Campo Grande do Piauí - PI,-,Mil Reais
Campo Largo do Piauí - PI,-,Mil Reais
Campo Maior - PI,-,Mil Reais
Canavieira - PI,-,Mil Reais
Canto do Buriti - PI,-,Mil Reais
Capitão de Campos - PI,1.777,Mil Reais
Capitão Gervásio Oliveira - PI,-,Mil Reais
Caracol - PI,-,Mil Reais
Caraúbas do Piauí - PI,-,Mil Reais
Caridade do Piauí - PI,-,Mil Reais
Castelo do Piauí - PI,-,Mil Reais
Caxingó - PI,-,Mil Reais
Cocal - PI,7.369,Mil Reais
Cocal de Telha - PI,-,Mil Reais
Cocal dos Alves - PI,-,Mil Reais
Coivaras - PI,-,Mil Reais
Colônia do Gurguéia - PI,-,Mil Reais
Colônia do Piauí - PI,-,Mil Reais
Conceição do Canindé - PI,-,Mil Reais
Coronel José Dias - PI,-,Mil Reais
Corrente - PI,104.612,Mil Reais
Cristalândia do Piauí - PI,11.829,Mil Reais
Cristino Castro - PI,-,Mil Reais
Curimatá - PI,-,Mil Reais
Currais - PI,360.186,Mil Reais
Curralinhos - PI,5.081,Mil Reais
Curral Novo do Piauí - PI,-,Mil Reais
Demerval Lobão - PI,-,Mil Reais
Dirceu Arcoverde - PI,-,Mil Reais
Dom Expedito Lopes - PI,-,Mil Reais
Domingos Mourão - PI,-,Mil Reais
Dom Inocêncio - PI,-,Mil Reais
Elesbão Veloso - PI,-,Mil Reais
Eliseu Martins - PI,-,Mil Reais
Esperantina - PI,-,Mil Reais
Fartura do Piauí - PI,-,Mil Reais
Flores do Piauí - PI,-,Mil Reais
Floresta do Piauí - PI,-,Mil Reais
Floriano - PI,-,Mil Reais
Francinópolis - PI,-,Mil Reais
Francisco Ayres - PI,-,Mil Reais
Francisco Macedo - PI,-,Mil Reais
Francisco Santos - PI,-,Mil Reais
Fronteiras - PI,-,Mil Reais
Geminiano - PI,-,Mil Reais
Gilbués - PI,311.158,Mil Reais
Guadalupe - PI,3.251,Mil Reais
Guaribas - PI,-,Mil Reais
Hugo Napoleão - PI,-,Mil Reais
Ilha Grande - PI,-,Mil Reais
Inhuma - PI,-,Mil Reais
Ipiranga do Piauí - PI,-,Mil Reais
Isaías Coelho - PI,-,Mil Reais
Itainópolis - PI,-,Mil Reais
Itaueira - PI,-,Mil Reais
Jacobina do Piauí - PI,-,Mil Reais
Jaicós - PI,-,Mil Reais
Jardim do Mulato - PI,-,Mil Reais
Jatobá do Piauí - PI,-,Mil Reais
Jerumenha - PI,-,Mil Reais
João Costa - PI,-,Mil Reais
Joaquim Pires - PI,-,Mil Reais
Joca Marques - PI,-,Mil Reais
José de Freitas - PI,-,Mil Reais
Juazeiro do Piauí - PI,-,Mil Reais
Júlio Borges - PI,-,Mil Reais
Jurema - PI,-,Mil Reais
Lagoinha do Piauí - PI,-,Mil Reais
Lagoa Alegre - PI,-,Mil Reais
Lagoa do Barro do Piauí - PI,-,Mil Reais
Lagoa de São Francisco - PI,-,Mil Reais
Lagoa do Piauí - PI,-,Mil Reais
Lagoa do Sítio - PI,-,Mil Reais
Landri Sales - PI,5.120,Mil Reais
Luís Correia - PI,-,Mil Reais
Luzilândia - PI,-,Mil Reais
Madeiro - PI,-,Mil Reais
Manoel Emídio - PI,-,Mil Reais
Marcolândia - PI,-,Mil Reais
Marcos Parente - PI,-,Mil Reais
Massapê do Piauí - PI,-,Mil Reais
Matias Olímpio - PI,-,Mil Reais
Miguel Alves - PI,-,Mil Reais
Miguel Leão - PI,-,Mil Reais
Milton Brandão - PI,-,Mil Reais
Monsenhor Gil - PI,-,Mil Reais
Monsenhor Hipólito - PI,-,Mil Reais
Monte Alegre do Piauí - PI,261.165,Mil Reais
Morro Cabeça no Tempo - PI,-,Mil Reais
Morro do Chapéu do Piauí - PI,-,Mil Reais
Murici dos Portelas - PI,-,Mil Reais
Nazaré do Piauí - PI,-,Mil Reais
Nossa Senhora de Nazaré - PI,-,Mil Reais
Nossa Senhora dos Remédios - PI,-,Mil Reais
Novo Oriente do Piauí - PI,-,Mil Reais
Novo Santo Antônio - PI,-,Mil Reais
Oeiras - PI,-,Mil Reais
Olho d`Água do Piauí - PI,-,Mil Reais
Padre Marcos - PI,-,Mil Reais
Paes Landim - PI,-,Mil Reais
Pajeú do Piauí - PI,-,Mil Reais
Palmeira do Piauí - PI,120.009,Mil Reais
Palmeirais - PI,3.413,Mil Reais
Paquetá - PI,-,Mil Reais
Parnaguá - PI,1.922,Mil Reais
Parnaíba - PI,-,Mil Reais
Passagem Franca do Piauí - PI,7.307,Mil Reais
Patos do Piauí - PI,-,Mil Reais
Pau d`Arco do Piauí - PI,-,Mil Reais
Paulistana - PI,-,Mil Reais
Pavussu - PI,-,Mil Reais
Pedro II - PI,-,Mil Reais
Pedro Laurentino - PI,-,Mil Reais
Nova Santa Rita - PI,-,Mil Reais
Picos - PI,-,Mil Reais
Pimenteiras - PI,-,Mil Reais
Pio IX - PI,-,Mil Reais
Piracuruca - PI,13.165,Mil Reais
Piripiri - PI,-,Mil Reais
Porto - PI,-,Mil Reais
Porto Alegre do Piauí - PI,5.460,Mil Reais
Prata do Piauí - PI,-,Mil Reais
Queimada Nova - PI,-,Mil Reais
Redenção do Gurguéia - PI,5.831,Mil Reais
Regeneração - PI,113.058,Mil Reais
Riacho Frio - PI,-,Mil Reais
Ribeira do Piauí - PI,-,Mil Reais
Ribeiro Gonçalves - PI,640.180,Mil Reais
Rio Grande do Piauí - PI,-,Mil Reais
Santa Cruz do Piauí - PI,-,Mil Reais
Santa Cruz dos Milagres - PI,-,Mil Reais
Santa Filomena - PI,580.154,Mil Reais
Santa Luz - PI,-,Mil Reais
Santana do Piauí - PI,-,Mil Reais
Santa Rosa do Piauí - PI,-,Mil Reais
Santo Antônio de Lisboa - PI,-,Mil Reais
Santo Antônio dos Milagres - PI,-,Mil Reais
Santo Inácio do Piauí - PI,-,Mil Reais
São Braz do Piauí - PI,-,Mil Reais
São Félix do Piauí - PI,-,Mil Reais
São Francisco de Assis do Piauí - PI,-,Mil Reais
São Francisco do Piauí - PI,-,Mil Reais
São Gonçalo do Gurguéia - PI,3.057,Mil Reais
São Gonçalo do Piauí - PI,28.250,Mil Reais
São João da Canabrava - PI,-,Mil Reais
São João da Fronteira - PI,-,Mil Reais
São João da Serra - PI,-,Mil Reais
São João da Varjota - PI,-,Mil Reais
São João do Arraial - PI,-,Mil Reais
São João do Piauí - PI,-,Mil Reais
São José do Divino - PI,-,Mil Reais
São José do Peixe - PI,-,Mil Reais
São José do Piauí - PI,-,Mil Reais
São Julião - PI,-,Mil Reais
São Lourenço do Piauí - PI,-,Mil Reais
São Luis do Piauí - PI,-,Mil Reais
São Miguel da Baixa Grande - PI,-,Mil Reais
São Miguel do Fidalgo - PI,-,Mil Reais
São Miguel do Tapuio - PI,-,Mil Reais
São Pedro do Piauí - PI,1.299,Mil Reais
São Raimundo Nonato - PI,-,Mil Reais
Sebastião Barros - PI,8.954,Mil Reais
Sebastião Leal - PI,342.713,Mil Reais
Sigefredo Pacheco - PI,-,Mil Reais
Simões - PI,-,Mil Reais
Simplício Mendes - PI,-,Mil Reais
Socorro do Piauí - PI,-,Mil Reais
Sussuapara - PI,-,Mil Reais
Tamboril do Piauí - PI,-,Mil Reais
Tanque do Piauí - PI,9.868,Mil Reais
Teresina - PI,-,Mil Reais
União - PI,-,Mil Reais
Uruçuí - PI,1.555.581,Mil Reais
Valença do Piauí - PI,-,Mil Reais
Várzea Branca - PI,-,Mil Reais
Várzea Grande - PI,-,Mil Reais
Vera Mendes - PI,-,Mil Reais
Vila Nova do Piauí - PI,-,Mil Reais
Wall Ferraz - PI,-,Mil Reais
Aroeiras do Itaim - PI,-,Mil Reais
Nazária - PI,-,Mil Reais
Fonte: PAM
,,
