data_assinatura;inicio_vigencia;fim_vigencia;orgao_superior;orgao_entidade;unidade_gestora;forma_contratacao;grupo_objeto;numero_contrato;situacao;objeto;valor_contratado_rs
"23/12/2025";"23/12/2025";"23/12/2026";"Ministério da Gestão e da Inovação em Serviços Públicos";"Ministério da Gestão e da Inovação em Serviços Públicos - Unidades com vínculo direto";"CENTRO DE SERVICOS COMPARTILHADOS - MGI";"Sem Informação";"Serviços";"00070/2025";"Não se aplica";"CONTRATAÇÃO DE SERVIÇO TÉCNICO ESPECIALIZADO DE NATUREZA PREDOMINANTEMENTE INTELECTUAL COM EMPRESA DE NOTÓRIA ESPECIALIZAÇÃO PARA REALIZAÇÃO";"4.511.000,00"
"20/08/2025";"20/08/2025";"20/08/2026";"Ministério de Minas e Energia";"Agência Nacional de Mineração";"AGENCIA NACIONAL DE MINERACAO - DF";"Sem Informação";"Serviços";"00066/2025";"Não se aplica";"PRESTAÇÃO DE SERVIÇO REFERENTE À CAPACITAÇÃO DE LIDERANÇAS, ASSOCIADA À ANÁLISE DE PERFIL PSICOLÓGICO DAS LIDERANÇAS, COM A APLICAÇÃO DO TES";"100.000,00"
"03/07/2025";"03/07/2025";"03/07/2026";"Ministério de Minas e Energia";"Agência Nacional de Mineração";"AGENCIA NACIONAL DE MINERACAO - DF";"Sem Informação";"Serviços";"00060/2025";"Não se aplica";"PRESTAÇÃO DE SERVIÇOS ESPECIAIS DE DESENVOLVIMENTO DE LIDERANÇAS PARA A INTEGRAÇÃO DE NOVOS SERVIDORES DA ANM E REALIZAÇÃO DE WORKSHOP";"1.281.000,00"
"27/12/2024";"27/12/2024";"27/12/2025";"Ministério dos Transportes";"Ministério dos Transportes - Unidades com vínculo direto";"SUBSECRETARIA DE FOMENTO E PLANEJAMENTO";"Sem Informação";"Serviços";"00030/2024";"Não se aplica";"O OBJETO DO PRESENTE INSTRUMENTO É A CONTRATAÇÃO DE ESTUDO PARA ELABORAÇÃO E APLICAÇÃO DE PESQUISAS QUALITATIVAS PARA REFINAMENTO DAS PROJEÇ";"509.998,61"
"17/12/2024";"17/12/2024";"16/12/2025";"Ministério das Comunicações";"Agêncial Nacional de Telecomunicações";"AGENCIA NACIONAL DE TELECOMUNICACOES-SEDE";"Sem Informação";"Serviços";"00203/2024";"Não se aplica";"CONTRATAÇÃO DE PRESTAÇÃO DE SERVIÇOS DE CAPACITAÇÃO NO CURSO ACADEMIA DE LIDERANÇA, VISANDO TREINAR E APERFEIÇOAR OS CONHECIMENTOS DOS SERVI";"1.015.000,00"
"20/12/2023";"20/12/2023";"20/12/2024";"Ministério da Integração e do Desenvolvimento Regional";"Agência Nacional de Águas e Saneamento Básico";"AGENCIA NACIONAL DE AGUAS E SANEAMENTO BASICO";"Inexigibilidade de Licitação";"Serviços";"00051/2023";"Não se aplica";"CONTRATAÇÃO DE SERVIÇOS DE CAPACITAÇÃO PARA ELABORAR E MINISTRAR O PROGRAMA DE DESENVOLVIMENTO DE LIDERANÇA PARA OS SERVIDORES DA AGÊNCIA NA";"461.000,00"
"22/12/2022";"23/12/2022";"23/12/2023";"Advocacia-Geral da União";"Advocacia-Geral da União - Unidades com vínculo direto";"ESCOLA SUPERIOR AGU MINIST. VICTOR NUNES LEAL";"Inexigibilidade de Licitação";"Serviços";"00012/2022";"Não se aplica";"CONTRATAÇÃO DE 1 (UM) SERVIÇO DE CAPACITAÇÃO COM A TEMÁTICA ""PROGRAMA DE DESENVOLVIMENTO EM GESTÃO ESTRATÉGICA CUSTOMIZADO PARA A ADVOCACIA";"912.000,00"
"05/10/2022";"31/10/2022";"20/10/2023";"Ministério da Ciência, Tecnologia e Inovação";"Ministério da Ciência, Tecnologia e Inovação - Unidades com vínculo direto";"COORDENACAO-GERAL DE RECURSOS LOGISTICOS";"Inexigibilidade de Licitação";"Outros";"00020/2022";"Não se aplica";"CONTRATAÇÃO DE SERVIÇO TÉCNICO ESPECIALIZADO DE TREINAMENTO E APERFEIÇOAMENTO DE PESSOAL, QUE SERÃO PRESTADOS NAS CONDIÇÕES ESTABELECIDAS NO";"254.000,00"
"30/09/2022";"18/10/2022";"10/11/2022";"Banco Central do Brasil - Orçamento Fiscal e Seguridade Social";"Banco Central do Brasil - Orçamento Fiscal e Seguridade Social - Unidades com vínculo direto";"BANCO CENTRAL DO BRASIL";"Sem Informação";"Outros";"50371/2022";"Fechado";"Inscrição de servidor do DEATI em curso ""Liderança de Impacto: Conexão e Ação para Resultados""";"5.500,00"
"20/07/2022";"22/08/2022";"31/12/2022";"Ministério da Fazenda";"Receita Federal do Brasil";"SUPERINTENDENCIA REGIONAL DA RFB NA 4A RF";"Inexigibilidade de Licitação";"Serviços";"00004/2022";"Não se aplica";"CONTRATAÇÃO DE DUAS TURMAS FECHADAS (60 VAGAS) PARA A RFB, NO CURSO ""PROGRAMA LIDERANÇA DE IMPACTO: CONEXÃO E AÇÃO PARA RESULTADOS"".";"280.500,00"
"16/05/2022";"16/05/2022";"16/05/2023";"Ministério da Ciência, Tecnologia e Inovação";"Centro Nacional de Tecnologia Eletrônica Avançada S.A.";"CENTRO NACIONAL DE TECNOLOGIA ELETRONICA AVAN";"Dispensa de Licitação";"Serviços";"00016/2022";"Não se aplica";"TREINAMENTO CORPORATIVO PARA GOVERNANÇA CORPORATIVA";"15.800,00"
"18/01/2022";"18/01/2022";"18/07/2023";"Ministério da Integração e do Desenvolvimento Regional";"Ministério da Integração e do Desenvolvimento Regional - Unidades com vínculo direto";"MIDR/ADMINISTRACAO GERAL";"Inexigibilidade de Licitação";"Serviços";"00003/2022";"Não se aplica";"CONTRATAÇÃO DE CURSO DE CURTA DURAÇÃO AOS LÍDERES QUE ATUAM NO MINISTÉRIO DO DESENVOLVIMENTO REGIONAL, CONFORME OFICINA DE REVISÃO DO PLANEJ";"588.000,00"
"16/12/2021";"31/12/2021";"31/12/2022";"Ministério da Fazenda";"Receita Federal do Brasil";"SUPERINTENDENCIA REGIONAL DA RFB NA 4A RF";"Inexigibilidade de Licitação";"Serviços";"00027/2021";"Não se aplica";"CONTRATAÇÃO DE 30 VAGAS , EM UMA TURMA FECHADA PARA A RFB, NO PROGRAMA LIDERANÇA DE IMPACTO: CONEXÃO E AÇÃO PARA RESULTADOS, NA MODALIDADE O";"140.250,00"
"25/11/2021";"25/11/2021";"24/05/2023";"Ministério do Trabalho e Emprego";"Fundação Jorge Duprat Figueiredo, de Segurança e Medicina do Trabalho";"FUNDACENTRO - FUND.JORGE DUPRAT/CTN/SEDE - SP";"Inexigibilidade de Licitação";"Outros";"00019/2021";"Não se aplica";"SERVIÇOS DE PLANEJAMENTO E EXECUÇÃO DE EXECUTIVE MBA PARA SERVIDORA DA FUNDACENTRO";"63.144,54"
"17/09/2021";"20/09/2021";"31/12/2021";"Ministério da Fazenda";"Receita Federal do Brasil";"SUPERINTENDENCIA REGIONAL DA RFB NA 4A RF";"Inexigibilidade de Licitação";"Outros";"00020/2021";"Não se aplica";"CONTRATAÇÃO DE 30 (TRINTA) VAGAS, EM UMA TURMA FECHADA PARA A RFB, NO ""PROGRAMA LIDERANÇA DE IMPACTO: CONEXÃO E AÇÃO PARA RESULTADOS"", PROMO";"140.250,00"
"31/08/2021";"31/08/2021";"31/08/2022";"Ministério dos Transportes";"Ministério dos Transportes - Unidades com vínculo direto";"SUBSECRETARIA PLAN.,ORC.E ADM.-ADMINISTRATIVO";"Inexigibilidade de Licitação";"Outros";"00017/2021";"Não se aplica";"CONTRATAÇÃO DE SERVIÇO TÉCNICO PROFISSIONAL ESPECIALIZADO RELATIVO À REALIZAÇÃO DE TREINAMENTO E APERFEIÇOAMENTO DE PESSOAL.";"200.000,00"
"24/12/2020";"24/12/2020";"31/12/2021";"Ministério das Comunicações";"Agêncial Nacional de Telecomunicações";"AGENCIA NACIONAL DE TELECOMUNICACOES-SEDE";"Inexigibilidade de Licitação";"Outros";"00151/2020";"Não se aplica";"ATÉ 300 VAGAS NO CURSO IN COMPANY ""ACADEMIA DE LIDERANÇA ANO III - A LIDERANÇA EM MOVIMENTO""";"513.000,00"
"21/12/2020";"21/12/2020";"21/06/2021";"Ministério da Cultura";"Agência Nacional do Cinema";"AGENCIA NACIONAL DO CINEMA";"Inexigibilidade de Licitação";"Outros";"00033/2020";"Não se aplica";"CONTRATAÇÃO DE SERVIÇOS DE TREINAMENTOPARA DISSEMINAÇÃO DE CONHECIMENTOS EM GESTÃO DE RISCOS, COM VISTAS AO APRIMORAMENTO E IMPLEMENTAÇÃO DA";"165.000,00"
"09/10/2020";"09/10/2020";"09/02/2022";"Ministério de Minas e Energia";"Empresa de Pesquisa Energética";"EMPRESA DE PESQUISA ENERGETICA";"Sem Informação";"Outros";"42/2020";"Fechado";"Aplicação, no formato à distância do ""Programa de Alta Performance em Equipes"" para a EPE.";"330.000,00"
"30/09/2020";"29/10/2020";"26/11/2020";"Banco Central do Brasil - Orçamento Fiscal e Seguridade Social";"Banco Central do Brasil - Orçamento Fiscal e Seguridade Social - Unidades com vínculo direto";"BANCO CENTRAL DO BRASIL";"Sem Informação";"Outros";"50756/2020";"Fechado";"Inscrição de servidores do DERIS em curso online Governança, Risco e Compliance";"20.800,00"
"30/12/2019";"30/12/2019";"30/06/2021";"Ministério da Saúde";"Agência Nacional de Vigilância Sanitária";"AGENCIA NACIONAL DE VIGILANCIA SANITARIA";"Inexigibilidade de Licitação";"Serviços";"00027/2019";"Não se aplica";"CONTRATAÇÃO DE SERVIÇOS DE CAPACITAÇÃOVISANDO À REALIZAÇÃO E FINALIZAÇÃO DO CURSO PROGRAMA DE DESENVOLVIMENTO DE LIDERANÇA PARA A ANVISA - F";"326.500,00"
"27/06/2019";"27/06/2019";"24/12/2021";"Ministério de Minas e Energia";"Agência Nacional de Mineração";"AGENCIA NACIONAL DE MINERACAO - DF";"Inexigibilidade de Licitação";"Outros";"00020/2019";"Não se aplica";"CONTRATAÇÃO DA FUNDAÇÃO DOM CABRAL PARACONDUÇÃO DE PROGRAMA DE CAPACITAÇÃO EM DESENVOLVIMENTO ORGANIZACIONAL ÀS NECESSIDADES DA ANM.";"0,00"
"12/06/2019";"12/06/2019";"12/06/2021";"Ministério da Saúde";"Fundação Oswaldo Cruz";"FUNDACAO OSWALDO CRUZ";"Inexigibilidade de Licitação";"Serviços";"00052/2019";"Não se aplica";"CONTRATAÇÃO DE INSTITUIÇÃO RECONHECIDANACIONALMENTE PELA FORMAÇÃO ACADÊMICA DE SEU QUADRO DOCENTE E PELA EXPERIÊNCIA NO DESENVOLVIMENTO DE G";"691.000,00"
"03/06/2019";"03/06/2019";"02/06/2020";"Ministério de Minas e Energia";"Agência Nacional de Mineração";"AGENCIA NACIONAL DE MINERACAO - DF";"Inexigibilidade de Licitação";"Serviços";"17/2019";"Publicado";"Contratação de empresa especializada para desenvolver, de forma customizada, Programa de Desenvolvimento Gerencial para a ANM.";"454.000,00"
"27/12/2018";"27/12/2018";"26/12/2019";"Ministério das Comunicações";"Agêncial Nacional de Telecomunicações";"AGENCIA NACIONAL DE TELECOMUNICACOES-SEDE";"Inexigibilidade de Licitação";"Serviços";"214/2018";"Publicado";"Prestação de serviço de capacitação intitulada ""Academia de Liderança Anatel-AnoII- A liderança em movimento""";"1.217.473,00"
"23/11/2018";"23/11/2018";"22/09/2019";"Ministério das Comunicações";"Agêncial Nacional de Telecomunicações";"AGENCIA NACIONAL DE TELECOMUNICACOES-SEDE";"Inexigibilidade de Licitação";"Serviços";"155/2018";"Publicado";"Curso ""Coaching Profissional"", 1 vaga, 20 horas";"54.000,00"
"06/11/2018";"20/11/2018";"22/11/2018";"Banco Central do Brasil - Orçamento Fiscal e Seguridade Social";"Banco Central do Brasil - Orçamento Fiscal e Seguridade Social - Unidades com vínculo direto";"BANCO CENTRAL DO BRASIL";"Sem Informação";"Outros";"51587/2018";"Fechado";"GOVERNANÇA, RISCO E COMPLIANCE";"11.210,00"
"21/02/2018";"21/02/2018";"21/02/2019";"Ministério de Minas e Energia";"Empresa de Pesquisa Energética";"EMPRESA DE PESQUISA ENERGETICA";"Sem Informação";"Outros";"4/2018";"Fechado";"Desenvolvimento organizacional e de executivos para implantação do programa de desenvolvimento de liderança da EPE";"358.000,00"
"19/12/2017";"19/12/2017";"18/10/2018";"Ministério das Comunicações";"Agêncial Nacional de Telecomunicações";"AGENCIA NACIONAL DE TELECOMUNICACOES-SEDE";"Inexigibilidade de Licitação";"Serviços";"124/2017";"Publicado";"Capacitação em liderança de 160 servidores.";"643.100,00"
"15/12/2017";"26/12/2017";"21/12/2018";"Ministério da Defesa";"Empresa Brasileira de Infraestrutura Aeroportuária";"EMPRESA BRAS.DE INFRA-ESTRUTURA AEROPORTUARIA";"Sem Informação";"Outros";"129/2017";"Fechado";"Contratação da fundação dom cabral para elaboração e execução de programa de desenvolvimento gerencial com foco em gestão de resultados para";"687.700,00"
"25/08/2017";"25/08/2017";"25/02/2018";"Ministério da Saúde";"Agência Nacional de Vigilância Sanitária";"AGENCIA NACIONAL DE VIGILANCIA SANITARIA";"Inexigibilidade de Licitação";"Serviços";"31/2017";"Publicado";"Realização do curso Programa de Desenvolvimento de Liderança para a ANVISA - FASE 2, no âmbito do Programa de Desenvolvimento Gerencial para";"360.567,00"
"25/07/2017";"25/07/2017";"30/12/2017";"Ministério da Fazenda";"Receita Federal do Brasil";"SECRET. ESPECIAL DA RECEITA FEDERAL DO BRASIL";"Inexigibilidade de Licitação";"Serviços";"12/2017";"Publicado";"Contratação de empresa para prestação de serviço de treinamento e aperfeiçoamento de servidores da RFB.";"513.827,00"
"30/12/2016";"30/12/2016";"30/06/2018";"Ministério da Cultura";"Agência Nacional do Cinema";"AGENCIA NACIONAL DO CINEMA";"Inexigibilidade de Licitação";"Serviços";"64/2016";"Publicado";"Contratação de pessoa jurídica para realização de ações de desenvolvimento organizacional para implantação de modelo corporativo de desenvol";"526.200,00"
"16/12/2016";"19/12/2016";"19/05/2017";"Ministério das Comunicações";"Agêncial Nacional de Telecomunicações";"AGENCIA NACIONAL DE TELECOMUNICACOES-SEDE";"Inexigibilidade de Licitação";"Serviços";"136/2016";"Publicado";"Contratação da Fundação Dom Cabral paraa execução indireta de prestação de serviços decapacitação, no período de 19 de dezembro de 2016 a 19";"211.200,00"
"16/12/2016";"16/12/2016";"15/03/2018";"Ministério da Gestão e da Inovação em Serviços Públicos";"Ministério da Gestão e da Inovação em Serviços Públicos - Unidades com vínculo direto";"COORDENACAO-GERAL DE AQUISICOES - CGEAQ";"Inexigibilidade de Licitação";"Serviços";"68/2016";"Publicado";"Contratação de empresa especializada para prestação dos serviços de planejamento e estruturação do Programa de Capacitação Técnica para Cons";"846.000,00"
"28/11/2016";"28/11/2016";"27/05/2017";"Ministério da Saúde";"Agência Nacional de Vigilância Sanitária";"AGENCIA NACIONAL DE VIGILANCIA SANITARIA";"Inexigibilidade de Licitação";"Serviços";"30/2016";"Publicado";"Curso Desenvolvimento de Liderança no âmbito do Programa de Desenvolvimento Gerencial para servidores da ANVISA.";"185.800,00"
"01/11/2016";"01/11/2016";"01/11/2016";"Ministério de Minas e Energia";"Petrobrás - Holding";"PETROLEO BRASILEIRO S/A";"Sem Informação";"Outros";"64246/2016";"Fechado";"PAGAMENTO REFERENTE AO PÓS-MBA FDC/KELLOGG 2016 - TURMA 15, RELATIVO À";"27.943,53"
"18/10/2016";"25/10/2016";"26/10/2016";"Banco Central do Brasil - Orçamento Fiscal e Seguridade Social";"Banco Central do Brasil - Orçamento Fiscal e Seguridade Social - Unidades com vínculo direto";"BANCO CENTRAL DO BRASIL";"Sem Informação";"Outros";"51146/2016";"Fechado";"Trata-se de pagamento de inscrição em Programa Governança Corporativa para dois servidores: Arnaldo Rodrigues Bio Neto e Carlos Eduardo Germ";"8.820,00"
"22/09/2016";"22/09/2016";"22/09/2016";"Ministério de Minas e Energia";"Petrobrás - Holding";"PETROLEO BRASILEIRO S/A";"Sem Informação";"Outros";"98205/2016";"Fechado";"Pagamento de afiliação";"20.000,00"
"29/03/2016";"29/03/2016";"28/09/2016";"Ministério do Desenvolvimento, Indústria, Comércio e Serviços";"Banco Nacional de Desenvolvimento Econômico e Social";"BANCO NACIONAL DE DESENVOL.ECONOMICO E SOCIAL";"Sem Informação";"Outros";"130/2016";"Fechado";"Patrocínio, pelo bndes, à realização do iii encontro anual do crgsi, que ocorrerá em 29 de março de 2016, em são paulo (sp).";"170.000,00"
"25/02/2016";"25/02/2016";"24/02/2018";"Ministério de Minas e Energia";"Agência Nacional do Petróleo, Gás Natural e Biocombustíveis";"ESCRITORIO CENTRAL DA ANP";"Dispensa de Licitação";"Serviços";"4074/2015";"Publicado";"Prestação de serviços especializados de consultoria, visando à elaboração e implantação da Gestão por Competências, do Dimensionamento da Fo";"896.000,00"
"07/10/2015";"07/10/2015";"31/12/2015";"Ministério da Saúde";"Agência Nacional de Saúde Suplementar";"AGENCIA NACIONAL DE SAUDE SUPLEMENTAR";"Inexigibilidade de Licitação";"Serviços";"47/2015";"Publicado";"Contratação da Fundação Dom Cabral - FDC, para realização do Programa de Alta Performance em Gestão, Ação Integrada ao Programa de Desenvolv";"256.000,00"
"24/07/2015";"24/07/2015";"20/08/2015";"Ministério de Minas e Energia";"Petrobrás - Holding";"PETROLEO BRASILEIRO S/A";"Sem Informação";"Outros";"36608/2015";"Fechado";"TREINAMENTO INTERNO - S/DISCR. MATERIAL";"13.629,99"
"08/07/2015";"08/07/2015";"08/07/2015";"Ministério de Minas e Energia";"Petrobrás - Holding";"PETROLEO BRASILEIRO S/A";"Sem Informação";"Outros";"9320/2015";"Fechado";"AFILIAÇÃO/ANUIDADE";"25.000,00"
"25/05/2015";"25/05/2015";"19/06/2015";"Ministério de Minas e Energia";"Petrobrás - Holding";"PETROLEO BRASILEIRO S/A";"Sem Informação";"Outros";"88874/2015";"Fechado";"TREINAMENTO INTERNO";"84.199,20"
"18/05/2015";"18/05/2015";"13/11/2015";"Ministério da Educação";"Universidade Federal do Espírito Santo";"HOSPITAL UNIVERSITARIO C. ANTONIO MORAIS/UFES";"Inexigibilidade de Licitação";"Serviços";"42/2015";"Publicado";"Prestação de serviço de capacitação dos gestores públicos da instituição,de acordo com o Programa Desenvolvimento Gerencial, elaborado para";"132.763,00"
"29/04/2015";"29/04/2015";"29/05/2015";"Ministério de Minas e Energia";"Petrobrás - Holding";"PETROLEO BRASILEIRO S/A";"Sem Informação";"Outros";"79990/2015";"Fechado";"TREINAMENTO INTERNO";"126.298,80"
"15/04/2015";"15/04/2015";"14/08/2015";"Ministério de Minas e Energia";"Agência Nacional de Energia Elétrica";"AGENCIA NACIONAL DE ENERGIA ELETRICA";"Inexigibilidade de Licitação";"Serviços";"37/2015";"Publicado";"Customização e realização do treinamento fechado ""Gestão Pública Contemporânea"" para 50 gestores da ANEEL.";"212.361,72"
"08/04/2015";"18/03/2015";"17/03/2018";"Ministério do Desenvolvimento, Indústria, Comércio e Serviços";"Banco Nacional de Desenvolvimento Econômico e Social";"BANCO NACIONAL DE DESENVOL.ECONOMICO E SOCIAL";"Sem Informação";"Outros";"92/2015";"Fechado";"Treinamento in company programa de desenvolvimento gerencial.";"3.221.164,67"
"26/01/2015";"26/01/2015";"29/05/2015";"Ministério de Minas e Energia";"Petrobrás - Holding";"PETROLEO BRASILEIRO S/A";"Sem Informação";"Outros";"12309/2015";"Fechado";"TREINAMENTO INTERNO";"156.000,00"
"18/12/2014";"18/12/2014";"17/08/2015";"Ministério das Comunicações";"Agêncial Nacional de Telecomunicações";"AGENCIA NACIONAL DE TELECOMUNICACOES-SEDE";"Inexigibilidade de Licitação";"Serviços";"34/2014";"Publicado";"Capacitar até 35 (trinta e cinco) servidores, em Programa de Desenvolvimento Gerencial com enfoque no desenvolvimento da alta gestão.";"199.849,00"
"16/12/2014";"16/12/2014";"15/12/2015";"Ministério do Desenvolvimento, Indústria, Comércio e Serviços";"Banco Nacional de Desenvolvimento Econômico e Social";"BANCO NACIONAL DE DESENVOL.ECONOMICO E SOCIAL";"Sem Informação";"Outros";"463/2014";"Pendente";"Patrocínio, pelo bndes, à realização dos ?eventos de desenvolvimento de conhecimento em governança social integrada?, que ocorrerão de 3 de";"170.000,00"
"03/12/2014";"03/12/2014";"02/12/2015";"Ministério da Fazenda";"Ministério da Fazenda - Unidades com vínculo direto";"SUBSECR. DE ADMIN. TRANSF. DIGITAL E INOVACAO";"Inexigibilidade de Licitação";"Serviços";"13/2014";"Publicado";"Contratação de serviço de treinamento objetivando a prestação do Programa de Desenvolvimento em Liderança e Getão - PDGL para 114 servido";"1.701.913,00"
"19/11/2014";"24/11/2014";"28/11/2014";"Banco Central do Brasil - Orçamento Fiscal e Seguridade Social";"Banco Central do Brasil - Orçamento Fiscal e Seguridade Social - Unidades com vínculo direto";"BANCO CENTRAL DO BRASIL";"Sem Informação";"Outros";"51389/2014";"Fechado";"Treinamento no Curso: Fronteiras em Gestão Pública";"38.315,00"
"03/11/2014";"03/11/2014";"04/11/2014";"Ministério de Minas e Energia";"Petrobrás - Holding";"PETROLEO BRASILEIRO S/A";"Sem Informação";"Outros";"93314/2014";"Fechado";"TREINAMENTO INTERNO";"32.986,00"
"03/11/2014";"03/11/2014";"31/01/2015";"Ministério da Cultura";"Agência Nacional do Cinema";"AGENCIA NACIONAL DO CINEMA";"Inexigibilidade de Licitação";"Serviços";"38/2014";"Publicado";"Serviço de Capacitação denominado: Pro-grama de Desenvolvimento de Líderes Ancine.Paratreinamento e aperfeiçoamento de até 30(trinta)servido";"104.000,00"
"29/10/2014";"29/10/2014";"17/10/2016";"Ministério de Minas e Energia";"Petrobrás - Holding";"PETROLEO BRASILEIRO S/A";"Sem Informação";"Outros";"58673/2014";"Fechado";"PRESTAÇÃO DE SERVIÇO DE DOCÊNCIA, APOIO E ASSESSORIA PARA APORTE DE CONHECIMENTO ESPECIALIZADO EM GESTÃO DA INOVAÇÃO";"499.693,21"
"24/09/2014";"06/10/2014";"05/10/2015";"Ministério de Portos e Aeroportos";"Agência Nacional de Aviação Civil";"AGENCIA NACIONAL DE AVIACAO CIVIL";"Inexigibilidade de Licitação";"Serviços";"39/2014";"Publicado";"Prestação de treinamento fechado para 75 (setenta e cinco) servidores, através da implementação das ações educativas contidas do Programa de";"540.046,00"
"16/09/2014";"16/09/2014";"16/09/2014";"Ministério de Minas e Energia";"Petrobrás - Holding";"PETROLEO BRASILEIRO S/A";"Sem Informação";"Outros";"73644/2014";"Fechado";"SERVIÇOS ADMINISTRATIVOS ESPECIALIZADOS";"28.420,00"
"01/08/2014";"01/08/2014";"01/08/2014";"Ministério de Minas e Energia";"Petrobrás - Holding";"PETROLEO BRASILEIRO S/A";"Sem Informação";"Outros";"15838/2014";"Fechado";"INSCRIÇÕES EM TREINAMENTOS EXTERNOS";"11.900,00"
"01/08/2014";"01/08/2014";"01/08/2014";"Ministério de Minas e Energia";"Petrobrás - Holding";"PETROLEO BRASILEIRO S/A";"Sem Informação";"Outros";"7321/2014";"Fechado";"INSCRIÇÕES EM TREINAMENTOS EXTERNOS";"14.500,00"
"29/07/2014";"29/07/2014";"27/07/2017";"Ministério de Minas e Energia";"Petrobrás - Holding";"PETROLEO BRASILEIRO S/A";"Sem Informação";"Outros";"46974/2014";"Fechado";"PRESTAÇÃO DE SERV. FORNECIMENTO DE VAGAS PARA PARTICIPAÇÃO DE EMPREGADOS DA PETROBRAS EM CURSOS E CONCLAVES OFERECIDOS AO MERCADO";"2.197.321,50"
"26/07/2014";"26/07/2014";"25/08/2014";"Ministério de Minas e Energia";"Petrobrás - Holding";"PETROLEO BRASILEIRO S/A";"Sem Informação";"Outros";"60082/2014";"Fechado";"PALESTRAS";"25.000,00"
"16/06/2014";"16/06/2014";"16/06/2015";"Ministério da Saúde";"Fundação Oswaldo Cruz";"FUNDACAO OSWALDO CRUZ";"Inexigibilidade de Licitação";"Serviços";"66/2013";"Publicado";"Prestação de serviço técnicos educacionais para o desenvolvimento de quatro competências gerenciais, em níveis de cognição - básico e interm";"4.340.000,00"
"02/06/2014";"02/06/2014";"02/06/2014";"Ministério de Minas e Energia";"Petrobrás - Holding";"PETROLEO BRASILEIRO S/A";"Sem Informação";"Outros";"85498/2014";"Fechado";"INSCRIÇÕES EM TREINAMENTOS EXTERNOS";"14.100,00"
"26/05/2014";"26/05/2014";"30/05/2014";"Ministério de Minas e Energia";"Petrobrás - Holding";"PETROLEO BRASILEIRO S/A";"Sem Informação";"Outros";"81951/2014";"Fechado";"INSCRIÇÕES EM TREINAMENTOS EXTERNOS";"14.100,00"
"14/05/2014";"14/05/2014";"14/05/2014";"Ministério de Minas e Energia";"Petrobrás - Holding";"PETROLEO BRASILEIRO S/A";"Sem Informação";"Outros";"33825/2014";"Fechado";"INSCRIÇÕES EM TREINAMENTOS EXTERNOS";"32.000,00"
"12/05/2014";"12/05/2014";"12/05/2016";"Ministério de Minas e Energia";"Petrobrás - Holding";"PETROBRAS TRANSPORTE S.A.";"Sem Informação";"Outros";"8896/2014";"Fechado";"Realização de serviço técnico especializADO NO DESENVOLVIMENTO DE RECURSOS HUMANOS ATRAVÉS DA REALIZAÇÃO DE PROGRAMA DE DESENVOLVIMENTO GERE";"658.898,88"
"06/05/2014";"06/05/2014";"06/05/2014";"Ministério de Minas e Energia";"Petrobrás - Holding";"PETROLEO BRASILEIRO S/A";"Sem Informação";"Outros";"46139/2014";"Fechado";"INSCRIÇÕES EM TREINAMENTOS EXTERNOS";"40.500,00"
"02/05/2014";"06/05/2014";"04/05/2016";"Ministério de Minas e Energia";"Petrobrás - Holding";"PETROLEO BRASILEIRO S/A";"Sem Informação";"Outros";"38489/2014";"Fechado";"SERVIÇOS DE TREINAMENTOS PARA DESENVOLVIMENTO DA LIDERANÇA DA PETROBRAS UO-ES";"514.635,00"
"11/04/2014";"11/04/2014";"31/12/2014";"Ministério da Saúde";"Agência Nacional de Saúde Suplementar";"AGENCIA NACIONAL DE SAUDE SUPLEMENTAR";"Inexigibilidade de Licitação";"Serviços";"25/2014";"Publicado";"Contratação de instituição especializada para realização do Programa de Alta Performance em Gestão, ação integrada ao Programa de Desenvolvi";"372.000,00"
"26/03/2014";"26/03/2014";"31/12/2014";"Ministério da Educação";"Fundação Universidade Federal de São João Del-Rei";"FUNDACAO UNIVERSIDADE FEDERAL DE S.J.DEL-REI";"Inexigibilidade de Licitação";"Outros";"6/2014";"Retificação - Publicado";"Serviços de execução de programa de desenvolvimento organizacional da UFSJ.";"192.802,00"
"06/01/2014";"06/01/2014";"06/01/2014";"Ministério de Minas e Energia";"Petrobrás - Holding";"PETROLEO BRASILEIRO S/A";"Sem Informação";"Outros";"18091/2014";"Fechado";"SERVIÇOS DE CONSULTORIA";"13.000,00"
"18/12/2013";"18/12/2013";"17/12/2015";"Ministério de Minas e Energia";"Petrobrás - Holding";"PETROLEO BRASILEIRO S/A";"Sem Informação";"Outros";"23896/2013";"Fechado";"PRESTAÇÃO DE SERVIÇOS DE DESENVOLVIMENTO, DOCÊNCIA E COORDENAÇÃO PEDAGÓGICA DE SOLUÇÕES EDUCACIONAIS EM TEMAS RELACIONADOS À GESTÃO";"5.672.471,55"
"02/12/2013";"02/12/2013";"02/12/2013";"Ministério de Minas e Energia";"Petrobrás - Holding";"PETROLEO BRASILEIRO S/A";"Sem Informação";"Outros";"89239/2013";"Fechado";"INSCRIÇÕES EM TREINAMENTOS EXTERNOS";"4.200,00"
"02/12/2013";"02/12/2013";"02/12/2013";"Ministério de Minas e Energia";"Petrobrás - Holding";"PETROLEO BRASILEIRO S/A";"Sem Informação";"Outros";"64770/2013";"Fechado";"INSCRIÇÕES EM TREINAMENTOS EXTERNOS";"13.500,00"
"02/12/2013";"02/12/2013";"02/12/2013";"Ministério de Minas e Energia";"Petrobrás - Holding";"PETROLEO BRASILEIRO S/A";"Sem Informação";"Outros";"90387/2013";"Fechado";"INSCRIÇÕES EM TREINAMENTOS EXTERNOS";"4.200,00"
"02/12/2013";"02/12/2013";"02/12/2013";"Ministério de Minas e Energia";"Petrobrás - Holding";"PETROLEO BRASILEIRO S/A";"Sem Informação";"Outros";"66413/2013";"Fechado";"INSCRIÇÕES EM TREINAMENTOS EXTERNOS";"13.500,00"
"02/12/2013";"02/12/2013";"02/12/2013";"Ministério de Minas e Energia";"Petrobrás - Holding";"PETROLEO BRASILEIRO S/A";"Sem Informação";"Outros";"64780/2013";"Fechado";"INSCRIÇÕES EM TREINAMENTOS EXTERNOS";"13.500,00"
"18/11/2013";"18/11/2013";"31/12/2013";"Ministério de Minas e Energia";"Agência Nacional do Petróleo, Gás Natural e Biocombustíveis";"ESCRITORIO CENTRAL DA ANP";"Inexigibilidade de Licitação";"Outros";"5075/2013";"Publicado";"Prestação de serviços da 2¿ turma da 1¿ fase de treinamento denominado ""Escola de Líderes"", com o programa de alta performance em Liderançap";"133.500,00"
"01/11/2013";"01/11/2013";"19/11/2013";"Ministério de Minas e Energia";"Petrobrás - Holding";"PETROLEO BRASILEIRO S/A";"Sem Informação";"Outros";"28836/2013";"Fechado";"PALESTRAS";"25.000,00"
"01/11/2013";"01/11/2013";"01/11/2013";"Ministério de Minas e Energia";"Petrobrás - Holding";"PETROLEO BRASILEIRO S/A";"Sem Informação";"Outros";"12068/2013";"Fechado";"INSCRIÇÕES EM TREINAMENTOS EXTERNOS";"27.000,00"
"01/11/2013";"01/11/2013";"01/11/2013";"Ministério de Minas e Energia";"Petrobrás - Holding";"PETROLEO BRASILEIRO S/A";"Sem Informação";"Outros";"12071/2013";"Fechado";"INSCRIÇÕES EM TREINAMENTOS EXTERNOS";"13.500,00"
"01/11/2013";"01/11/2013";"01/11/2013";"Ministério de Minas e Energia";"Petrobrás - Holding";"PETROLEO BRASILEIRO S/A";"Sem Informação";"Outros";"12079/2013";"Fechado";"INSCRIÇÕES EM TREINAMENTOS EXTERNOS";"13.500,00"
"01/11/2013";"01/11/2013";"01/11/2013";"Ministério de Minas e Energia";"Petrobrás - Holding";"PETROLEO BRASILEIRO S/A";"Sem Informação";"Outros";"12069/2013";"Fechado";"INSCRIÇÕES EM TREINAMENTOS EXTERNOS";"13.500,00"
"01/11/2013";"01/11/2013";"01/11/2013";"Ministério de Minas e Energia";"Petrobrás - Holding";"PETROLEO BRASILEIRO S/A";"Sem Informação";"Outros";"12067/2013";"Fechado";"INSCRIÇÕES EM TREINAMENTOS EXTERNOS";"40.500,00"
"01/11/2013";"01/11/2013";"01/11/2013";"Ministério de Minas e Energia";"Petrobrás - Holding";"PETROLEO BRASILEIRO S/A";"Sem Informação";"Outros";"12070/2013";"Fechado";"INSCRIÇÕES EM TREINAMENTOS EXTERNOS";"27.000,00"
"01/11/2013";"01/11/2013";"01/11/2013";"Ministério de Minas e Energia";"Petrobrás - Holding";"PETROLEO BRASILEIRO S/A";"Sem Informação";"Outros";"12077/2013";"Fechado";"INSCRIÇÕES EM TREINAMENTOS EXTERNOS";"9.900,00"
"01/11/2013";"01/11/2013";"01/11/2013";"Ministério de Minas e Energia";"Petrobrás - Holding";"PETROLEO BRASILEIRO S/A";"Sem Informação";"Outros";"12064/2013";"Fechado";"INSCRIÇÕES EM TREINAMENTOS EXTERNOS";"13.500,00"
"01/11/2013";"01/11/2013";"01/11/2013";"Ministério de Minas e Energia";"Petrobrás - Holding";"PETROLEO BRASILEIRO S/A";"Sem Informação";"Outros";"12078/2013";"Fechado";"INSCRIÇÕES EM TREINAMENTOS EXTERNOS";"13.500,00"
"01/11/2013";"01/11/2013";"01/11/2013";"Ministério de Minas e Energia";"Petrobrás - Holding";"PETROLEO BRASILEIRO S/A";"Sem Informação";"Outros";"12075/2013";"Fechado";"INSCRIÇÕES EM TREINAMENTOS EXTERNOS";"9.900,00"
"01/11/2013";"01/11/2013";"01/11/2013";"Ministério de Minas e Energia";"Petrobrás - Holding";"PETROLEO BRASILEIRO S/A";"Sem Informação";"Outros";"12072/2013";"Fechado";"INSCRIÇÕES EM TREINAMENTOS EXTERNOS";"13.500,00"
"01/11/2013";"01/11/2013";"01/11/2013";"Ministério de Minas e Energia";"Petrobrás - Holding";"PETROLEO BRASILEIRO S/A";"Sem Informação";"Outros";"12065/2013";"Fechado";"INSCRIÇÕES EM TREINAMENTOS EXTERNOS";"5.900,00"
"01/11/2013";"01/11/2013";"01/11/2013";"Ministério de Minas e Energia";"Petrobrás - Holding";"PETROLEO BRASILEIRO S/A";"Sem Informação";"Outros";"12080/2013";"Fechado";"INSCRIÇÕES EM TREINAMENTOS EXTERNOS";"13.500,00"
"01/11/2013";"01/11/2013";"01/11/2013";"Ministério de Minas e Energia";"Petrobrás - Holding";"PETROLEO BRASILEIRO S/A";"Sem Informação";"Outros";"12074/2013";"Fechado";"INSCRIÇÕES EM TREINAMENTOS EXTERNOS";"13.500,00"
"08/10/2013";"08/10/2013";"08/10/2013";"Ministério de Minas e Energia";"Petrobrás - Holding";"PETROLEO BRASILEIRO S/A";"Sem Informação";"Outros";"64370/2013";"Fechado";"INSCRIÇÕES EM TREINAMENTOS EXTERNOS";"13.500,00"
"02/10/2013";"02/10/2013";"10/10/2013";"Ministério de Minas e Energia";"Petrobrás - Holding";"PETROLEO BRASILEIRO S/A";"Sem Informação";"Outros";"64379/2013";"Fechado";"PALESTRAS";"12.000,00"
"01/10/2013";"01/10/2013";"01/10/2013";"Ministério de Minas e Energia";"Petrobrás - Holding";"PETROLEO BRASILEIRO S/A";"Sem Informação";"Outros";"56652/2013";"Fechado";"INSCRIÇÕES EM TREINAMENTOS EXTERNOS";"13.500,00"
"01/10/2013";"01/10/2013";"01/10/2013";"Ministério de Minas e Energia";"Petrobrás - Holding";"PETROLEO BRASILEIRO S/A";"Sem Informação";"Outros";"63317/2013";"Fechado";"INSCRIÇÕES EM TREINAMENTOS EXTERNOS";"10.900,00"
"01/10/2013";"01/10/2013";"01/10/2013";"Ministério de Minas e Energia";"Petrobrás - Holding";"PETROLEO BRASILEIRO S/A";"Sem Informação";"Outros";"57844/2013";"Fechado";"INSCRIÇÕES EM TREINAMENTOS EXTERNOS";"36.856,59"
"01/10/2013";"01/10/2013";"01/10/2013";"Ministério de Minas e Energia";"Petrobrás - Holding";"PETROLEO BRASILEIRO S/A";"Sem Informação";"Outros";"56653/2013";"Fechado";"INSCRIÇÕES EM TREINAMENTOS EXTERNOS";"13.500,00"
"01/10/2013";"01/10/2013";"01/10/2013";"Ministério de Minas e Energia";"Petrobrás - Holding";"PETROLEO BRASILEIRO S/A";"Sem Informação";"Outros";"55010/2013";"Fechado";"INSCRIÇÕES EM TREINAMENTOS EXTERNOS";"5.600,00"
"01/10/2013";"01/10/2013";"01/10/2013";"Ministério de Minas e Energia";"Petrobrás - Holding";"PETROLEO BRASILEIRO S/A";"Sem Informação";"Outros";"58956/2013";"Fechado";"INSCRIÇÕES EM TREINAMENTOS EXTERNOS";"13.500,00"
"01/10/2013";"01/10/2013";"01/10/2013";"Ministério de Minas e Energia";"Petrobrás - Holding";"PETROLEO BRASILEIRO S/A";"Sem Informação";"Outros";"55633/2013";"Fechado";"INSCRIÇÕES EM TREINAMENTOS EXTERNOS";"37.462,89"
"01/10/2013";"01/10/2013";"01/10/2013";"Ministério de Minas e Energia";"Petrobrás - Holding";"PETROLEO BRASILEIRO S/A";"Sem Informação";"Outros";"49673/2013";"Fechado";"INSCRIÇÕES EM TREINAMENTOS EXTERNOS";"13.500,00"
"01/10/2013";"01/10/2013";"01/10/2013";"Ministério de Minas e Energia";"Petrobrás - Holding";"PETROLEO BRASILEIRO S/A";"Sem Informação";"Outros";"54939/2013";"Fechado";"INSCRIÇÕES EM TREINAMENTOS EXTERNOS";"13.500,00"
"01/10/2013";"01/10/2013";"01/10/2013";"Ministério de Minas e Energia";"Petrobrás - Holding";"PETROLEO BRASILEIRO S/A";"Sem Informação";"Outros";"48824/2013";"Fechado";"INSCRIÇÕES EM TREINAMENTOS EXTERNOS";"13.500,00"
"01/10/2013";"01/10/2013";"01/10/2013";"Ministério de Minas e Energia";"Petrobrás - Holding";"PETROLEO BRASILEIRO S/A";"Sem Informação";"Outros";"58955/2013";"Fechado";"INSCRIÇÕES EM TREINAMENTOS EXTERNOS";"13.500,00"
"17/09/2013";"17/09/2013";"17/09/2013";"Ministério de Minas e Energia";"Petrobrás - Holding";"PETROLEO BRASILEIRO S/A";"Sem Informação";"Outros";"13324/2013";"Fechado";"SERVIÇOS ADMINISTRATIVOS ESPECIALIZADOS";"12.000,00"
"02/09/2013";"02/09/2013";"02/09/2013";"Ministério de Minas e Energia";"Petrobrás - Holding";"PETROLEO BRASILEIRO S/A";"Sem Informação";"Outros";"15192/2013";"Fechado";"INSCRIÇÕES EM TREINAMENTOS EXTERNOS";"12.900,00"
"02/09/2013";"02/09/2013";"02/09/2013";"Ministério de Minas e Energia";"Petrobrás - Holding";"PETROLEO BRASILEIRO S/A";"Sem Informação";"Outros";"11794/2013";"Fechado";"INSCRIÇÕES EM TREINAMENTOS EXTERNOS";"40.220,92"
"29/08/2013";"29/08/2013";"31/12/2013";"Ministério da Fazenda";"Receita Federal do Brasil";"SECRET. ESPECIAL DA RECEITA FEDERAL DO BRASIL";"Inexigibilidade de Licitação";"Outros";"53/2013";"Publicado";"Contratação da Fundação Dom Cabral para a prestação de serviço de treinamento e aperfeiçoamento de pessoal, voltada para a inscrição de 22 (";"148.500,00"
"22/08/2013";"22/08/2013";"22/08/2013";"Ministério de Minas e Energia";"Petrobrás - Holding";"PETROLEO BRASILEIRO S/A";"Sem Informação";"Outros";"60122/2013";"Fechado";"PALESTRAS";"14.000,00"
"14/08/2013";"14/08/2013";"14/02/2014";"Sem informação";"EMPRESA BRASILEIRA DE CORREIOS E TELEGRAFOS";"ECT - DIRETORIA REGIONAL DE BRASILIA";"Sem Informação";"Outros";"30063/2013";"Fechado";"PrestaÇÃo de serviÇo de treinamento - workshop de integraÇÃo e alinhamento organizacional.";"86.093,00"
"14/08/2013";"14/08/2013";"14/08/2013";"Ministério de Minas e Energia";"Petrobrás - Holding";"PETROLEO BRASILEIRO S/A";"Sem Informação";"Outros";"38135/2013";"Fechado";"INSCRIÇÕES EM TREINAMENTOS EXTERNOS";"680,00"
"05/08/2013";"05/08/2013";"13/09/2013";"Ministério de Minas e Energia";"Petrobrás - Holding";"PETROLEO BRASILEIRO S/A";"Sem Informação";"Outros";"88597/2013";"Fechado";"INSCRIÇÕES EM TREINAMENTOS EXTERNOS";"12.000,00"
"01/08/2013";"01/08/2013";"01/08/2013";"Ministério de Minas e Energia";"Petrobrás - Holding";"PETROLEO BRASILEIRO S/A";"Sem Informação";"Outros";"47169/2013";"Fechado";"INSCRIÇÕES EM TREINAMENTOS EXTERNOS";"40.500,00"
"01/08/2013";"01/08/2013";"01/08/2013";"Ministério de Minas e Energia";"Petrobrás - Holding";"PETROLEO BRASILEIRO S/A";"Sem Informação";"Outros";"50086/2013";"Fechado";"INSCRIÇÕES EM TREINAMENTOS EXTERNOS";"34.644,47"
"01/08/2013";"01/08/2013";"01/08/2013";"Ministério de Minas e Energia";"Petrobrás - Holding";"PETROLEO BRASILEIRO S/A";"Sem Informação";"Outros";"47520/2013";"Fechado";"INSCRIÇÕES EM TREINAMENTOS EXTERNOS";"5.600,00"
"01/08/2013";"01/08/2013";"01/08/2013";"Ministério de Minas e Energia";"Petrobrás - Holding";"PETROLEO BRASILEIRO S/A";"Sem Informação";"Outros";"50182/2013";"Fechado";"INSCRIÇÕES EM TREINAMENTOS EXTERNOS";"13.500,00"
"01/08/2013";"01/08/2013";"01/08/2013";"Ministério de Minas e Energia";"Petrobrás - Holding";"PETROLEO BRASILEIRO S/A";"Sem Informação";"Outros";"50089/2013";"Fechado";"INSCRIÇÕES EM TREINAMENTOS EXTERNOS";"33.999,49"
"01/08/2013";"01/08/2013";"01/08/2013";"Ministério de Minas e Energia";"Petrobrás - Holding";"PETROLEO BRASILEIRO S/A";"Sem Informação";"Outros";"49521/2013";"Fechado";"INSCRIÇÕES EM TREINAMENTOS EXTERNOS";"5.600,00"
"26/07/2013";"20/08/2013";"20/08/2013";"Banco Central do Brasil - Orçamento Fiscal e Seguridade Social";"Banco Central do Brasil - Orçamento Fiscal e Seguridade Social - Unidades com vínculo direto";"BANCO CENTRAL DO BRASIL";"Sem Informação";"Outros";"51471/2013";"Fechado";"Contratação de serviços educacionais para o evento ""GESTAO ESTRATEGICA DE PROJETOS""";"35.000,00"
"19/07/2013";"19/07/2013";"13/08/2013";"Ministério de Minas e Energia";"Petrobrás - Holding";"PETROLEO BRASILEIRO S/A";"Sem Informação";"Outros";"53576/2013";"Fechado";"PALESTRAS";"12.000,00"
"11/07/2013";"11/07/2013";"11/07/2013";"Ministério de Minas e Energia";"Petrobrás - Holding";"PETROLEO BRASILEIRO S/A";"Sem Informação";"Outros";"3515/2013";"Fechado";"INSCRIÇÕES EM TREINAMENTOS EXTERNOS";"13.500,00"
"11/07/2013";"11/07/2013";"11/07/2013";"Ministério de Minas e Energia";"Petrobrás - Holding";"PETROLEO BRASILEIRO S/A";"Sem Informação";"Outros";"4773/2013";"Fechado";"INSCRIÇÕES EM TREINAMENTOS EXTERNOS";"13.500,00"
"01/07/2013";"01/07/2013";"01/07/2013";"Ministério de Minas e Energia";"Petrobrás - Holding";"PETROLEO BRASILEIRO S/A";"Sem Informação";"Outros";"99434/2013";"Fechado";"INSCRIÇÕES EM TREINAMENTOS EXTERNOS";"13.500,00"
"01/07/2013";"01/07/2013";"01/07/2013";"Ministério de Minas e Energia";"Petrobrás - Holding";"PETROLEO BRASILEIRO S/A";"Sem Informação";"Outros";"99881/2013";"Fechado";"INSCRIÇÕES EM TREINAMENTOS EXTERNOS";"13.500,00"
"01/07/2013";"01/07/2013";"01/07/2013";"Ministério de Minas e Energia";"Petrobrás - Holding";"PETROLEO BRASILEIRO S/A";"Sem Informação";"Outros";"9273/2013";"Fechado";"INSCRIÇÕES EM TREINAMENTOS EXTERNOS";"13.500,00"
"01/07/2013";"01/07/2013";"01/07/2013";"Ministério de Minas e Energia";"Petrobrás - Holding";"PETROLEO BRASILEIRO S/A";"Sem Informação";"Outros";"99880/2013";"Fechado";"INSCRIÇÕES EM TREINAMENTOS EXTERNOS";"5.600,00"
"12/06/2013";"12/06/2013";"12/06/2013";"Ministério de Minas e Energia";"Petrobrás - Holding";"PETROLEO BRASILEIRO S/A";"Sem Informação";"Outros";"59979/2013";"Fechado";"PALESTRAS";"15.973,00"
"10/06/2013";"10/06/2013";"31/12/2013";"Ministério de Minas e Energia";"Agência Nacional do Petróleo, Gás Natural e Biocombustíveis";"ESCRITORIO CENTRAL DA ANP";"Inexigibilidade de Licitação";"Outros";"5034/2013";"Publicado";"Prestação de serviços da 1¿ fase de treinamento denominado ""Escola de Líderes"", com o programa de Alta Performance em Liderança para servido";"133.500,00"
"03/06/2013";"03/06/2013";"03/06/2013";"Ministério de Minas e Energia";"Petrobrás - Holding";"PETROLEO BRASILEIRO S/A";"Sem Informação";"Outros";"49623/2013";"Fechado";"INSCRIÇÕES EM TREINAMENTOS EXTERNOS";"40.500,00"
"03/06/2013";"03/06/2013";"03/06/2013";"Ministério de Minas e Energia";"Petrobrás - Holding";"PETROLEO BRASILEIRO S/A";"Sem Informação";"Outros";"40459/2013";"Fechado";"INSCRIÇÕES EM TREINAMENTOS EXTERNOS";"13.500,00"
"29/05/2013";"01/07/2013";"05/07/2013";"Ministério da Previdência Social";"Instituto Nacional do Seguro Social";"COORDENACAO DE EXEC.ORCAMENTARIA E FINANCEIRA";"Inexigibilidade de Licitação";"Outros";"19/2013";"Publicado";"Contratação de empresa especializadaque promoverá curso Fronteiras em Gestão Públi-ca Criação de Valor,Tendências e Perspectivas ,na cida";"183.000,00"
"02/05/2013";"02/05/2013";"02/05/2013";"Ministério de Minas e Energia";"Petrobrás - Holding";"PETROLEO BRASILEIRO S/A";"Sem Informação";"Outros";"89507/2013";"Fechado";"INSCRIÇÕES EM TREINAMENTOS EXTERNOS";"59.617,61"
"02/05/2013";"02/05/2013";"02/05/2013";"Ministério de Minas e Energia";"Petrobrás - Holding";"PETROLEO BRASILEIRO S/A";"Sem Informação";"Outros";"87966/2013";"Fechado";"INSCRIÇÕES EM TREINAMENTOS EXTERNOS";"13.500,00"
"29/04/2013";"29/04/2013";"29/04/2014";"Ministério da Integração e do Desenvolvimento Regional";"Agência Nacional de Águas e Saneamento Básico";"AGENCIA NACIONAL DE AGUAS E SANEAMENTO BASICO";"Sem Informação";"Outros";"13/2013";"Fechado";"Prestação de serviços educacionais para capacitação dos servidores da CONTRATANTE no ""Programa Fronteiras em Gestão Pública: Criação de Valo";"378.000,00"
"01/04/2013";"01/04/2013";"01/04/2013";"Ministério de Minas e Energia";"Petrobrás - Holding";"PETROLEO BRASILEIRO S/A";"Sem Informação";"Outros";"48774/2013";"Fechado";"TREINAMENTO DE EMPREGADOS - MATRÍCULA";"66.335,39"
"01/04/2013";"01/04/2013";"01/04/2013";"Ministério de Minas e Energia";"Petrobrás - Holding";"PETROLEO BRASILEIRO S/A";"Sem Informação";"Outros";"23848/2013";"Fechado";"INSCRIÇÕES EM TREINAMENTOS EXTERNOS";"68.387,00"
"26/07/2010";"26/07/2010";"26/07/2011";"Ministério da Fazenda";"Empresa Gestora de Ativos";"EMPRESA GESTORA DE ATIVOS ± EMGEA";"Inexigibilidade de Licitação";"Outros";"12/2010";"Publicado";"Contratação de empresa para desenvolvimento do Programa ""Parceiros para a Excelência-PAEX"".";"422.261,04"