Linha,Cliente,Cidade,UF,Tipo
100,"Barretos","Barretos",SP,"Empresa não localizada"
1053,"Presidente Prudente","Presidente Prudente",SP,"Empresa não localizada"
1093,"Rio Branco","Patrocinio",MG,"Empresa não localizada"
1094,"RODOPRINCIPE ( GASTECH )TRANSPORTADORA LTDA","LONDRINA",PR,"Empresa não localizada"
1112,"Salina Sal Garsa","Porto do Mangue",RN,"Empresa não localizada"
1120,"Santa Clara","Araxá",MG,"Empresa não localizada"
1127,"São José do Rio Preto","São José Do Rio Preto",SP,"Empresa não localizada"
1129,"São Mateus","São Mateus",ES,"Empresa não localizada"
1140,"SCGÁS","Içara",SC,"Empresa não localizada"
115,"BERLU INDUSTRIA E COMERCIO DE CONDIMENTOS LTDA","Arapiraca",AL,"Empresa não localizada"
1151,"Shox Usina de Asfalto","Arapiraca",AL,"Empresa não localizada"
118,"Betânia Lacteos (Capela)","Capela",BA,"Empresa não localizada"
1192,"SLGAS","Santa Cruz Do Sl",RS,"Empresa não localizada"
1213,"Tate and Lyle","Ribeirão Preto",SP,"Empresa não localizada"
1222,"Teófilo Otoni","Teófilo Otoni",MG,"Empresa não localizada"
1227,"TETTO GRES","JAGUARUNA",SC,"Empresa não localizada"
1235,"Três Corações","Três Corações",MG,"Empresa não localizada"
1239,"Uberaba","Uberaba",MG,"Empresa não localizada"
1240,"Uberlândia","Uberlândia",MG,"Empresa não localizada"
1243,"UNIÃO QUÍMICA","Luziânia",GO,"Empresa não localizada"
125,"Bial Barbieri","Betim",MG,"Empresa não localizada"
1252,"Uniminas","Cambuí",MG,"Empresa não localizada"
1257,"URUTEMPER","Uruaçú",GO,"Empresa não localizada"
1263,"USINA CAETE S/A","CAETE",AL,"Empresa não localizada"
1267,"USINDI","PRAIA GRANDE",SC,"Empresa não localizada"
1269,"Vale - Mineração Onça Puma","Parauapebas",PA,"Empresa não localizada"
1274,"Valorem Agronegócios","Unaí",MG,"Empresa não localizada"
1277,"Varginha","Varginha",MG,"Empresa não localizada"
1292,"Votorantim - Rondon/Alumina","Rondon do Pará",PA,"Empresa não localizada"
1293,"Votorantim - Rondon/Bauxita","Rondon do Pará",PA,"Empresa não localizada"
1315,"Zamin Mineração","Serra do Navio",AP,"Empresa não localizada"
135,"Bombril - Paulista","Paulista",PE,"Empresa não localizada"
137,"Brainfarma","Aparecida De Goiânia",GO,"Empresa não localizada"
146,"Brasilata","Lajeado",RS,"Empresa não localizada"
152,"Base MarceloIAN ITALIAN OIL","Barra Do Garças",MT,"Empresa não localizada"
153,"Base MarceloIAN ITALIAN OIL","Barra do garça",MS,"Empresa não localizada"
186,"Cachoeiro de Itapemirim","Cachoeiro De Itapemirim",ES,"Empresa não localizada"
193,"Café Melitta/Bom JeSs","Bom JeSs",RS,"Empresa não localizada"
196,"Cal oeste","Arcos",MG,"Empresa não localizada"
224,"CB Lins","Trindade",PE,"Empresa não localizada"
230,"CC Infra","Biguaçu",SC,"Empresa não localizada"
235,"Cegás - Cariri","Juazeiro Do Norte",CE,"Empresa não localizada"
240,"Cerâmica Crato","Crato",CE,"Empresa não localizada"
245,"Cereser Inda de Bebidas","Ipojuca",PE,"Empresa não localizada"
254,"Charrua GNV","Santa Maria",RS,"Empresa não localizada"
255,"Charrua GNV","Passo Fundo",RS,"Empresa não localizada"
257,"Charrua GNV","Rio Grande",RS,"Empresa não localizada"
259,"Charrua IND","Lavras do Sl",RS,"Empresa não localizada"
260,"Charrua IND","Nova Bassano",RS,"Empresa não localizada"
261,"Charrua IND","Marau",RS,"Empresa não localizada"
262,"Charrua IND","Santa Cruz Do Sl",RS,"Empresa não localizada"
270,"CICP Papéis / URCA","Estância",SE,"Empresa não localizada"
278,"CIPLAN CIMENTOS","Ipatinga",MG,"Empresa não localizada"
280,"Claudio","Cláudio",MG,"Empresa não localizada"
281,"Club Med Brasil AS","Feira de Santana",BA,"Empresa não localizada"
291,"Colatina","Colatina",ES,"Empresa não localizada"
297,"Conduspasqua","Governador Valadares",MG,"Empresa não localizada"
300,"Constran - AL","Maceió",AL,"Empresa não localizada"
349,"Dislub/Equador","Itacoatiara",PA,"Empresa não localizada"
350,"Divinópolis","Divinópolis",MG,"Empresa não localizada"
357,"Duratex - DECA","Sape",PE,"Empresa não localizada"
363,"EMS","Londrina",PR,"Empresa não localizada"
370,"Entringer","Candido Mota",SP,"Empresa não localizada"
397,"Fedrigoni - Salto","Indaiatuba",SP,"Empresa não localizada"
406,"FIAÇÃO E TECELAGEM PEIXOTO GONÇALVES","Peixoto Gonçalves",SE,"Empresa não localizada"
410,"FM TERRAPLANAGEM LTDA","Laranjeiras",SE,"Empresa não localizada"
418,"Franca","Franca",SP,"Empresa não localizada"
428,"Galvatex","Carpina",PE,"Empresa não localizada"
431,"Gas do Pará - Marabá","Marabá",PA,"Empresa não localizada"
432,"Gasmar - Açailândia","Açailândia",MA,"Empresa não localizada"
435,"Gasmig","Extrema",MG,"Empresa não localizada"
446,"Gequímica","Camaçari",BA,"Empresa não localizada"
49,"Alto Bonito","Ouricuri",PE,"Empresa não localizada"
519,"Gorski logistica","Miritituba",PA,"Empresa não localizada"
527,"Gruarapari","Guarapari",ES,"Empresa não localizada"
534,"GUARATHON","Ituberá",BA,"Empresa não localizada"
536,"Guascor/Siemens","Cruzeiro do Sl",AC,"Empresa não localizada"
538,"Guascor/Siemens - Pará - Leilão","Pará",PA,"Empresa não localizada"
577,"Industria de bebidas - Carreteiro","Jaboatão dos Guararapes",PE,"Empresa não localizada"
578,"Industrias Santa Clara","Araxá",MG,"Empresa não localizada"
581,"Ingepel","Araripina",PE,"Empresa não localizada"
582,"Ingeplan","Trindade",PE,"Empresa não localizada"
59,"Amazonica Energy","Manaus",AM,"Empresa não localizada"
638,"Kemira","Rio Claro",SP,"Empresa não localizada"
667,"Lafarge GypSm / IGE","Araripina",PE,"Empresa não localizada"
668,"LAFARGE HOLCIM GPSYUM","Ipubi",PE,"Empresa não localizada"
67,"Amperia - Campo Grande","Rio De Janeiro",RJ,"Empresa não localizada"
674,"LATICINIO SÃO DOMINGOS","Palmeira Dos Índios",AL,"Empresa não localizada"
68,"Amperia - Itaborai","Itaborai",RJ,"Empresa não localizada"
683,"Linhares","Linhares",ES,"Empresa não localizada"
684,"Longping","Unaí",MG,"Empresa não localizada"
69,"Amperia - Miguel Pereira","Miguel Pereira",RJ,"Empresa não localizada"
697,"M F ENGENHARIA","Jaboatão dos Guararapes",PE,"Empresa não localizada"
70,"Amperia - São Pedro D'Aldeia","São Pedro D'Aldeia",RJ,"Empresa não localizada"
715,"Maroto Areia","Camaçari",BA,"Empresa não localizada"
739,"Michelim do Brasil Ltda. (Ituberaba)","Ituberá",BA,"Empresa não localizada"
748,"Millenium Itacoatiara","Itacoatiara",AM,"Empresa não localizada"
750,"Minas Liga","Várzea da Palma",MG,"Empresa não localizada"
760,"MINERAÇÃO VEIGA","JOINVILLE",SC,"Empresa não localizada"
768,"Montes Claros","Montes Claros",MG,"Empresa não localizada"
787,"Nacional Grafite","Pouso Alegre",MG,"Empresa não localizada"
792,"Neo Steel","Betim",MG,"Empresa não localizada"
811,"NOVATECK CONSTRUÇÕES E EMP. LTDA","Laranjeiras",SE,"Empresa não localizada"
829,"PAMESA","Sape",PE,"Empresa não localizada"
830,"Panasonic","Volta Redonda",RJ,"Empresa não localizada"
834,"Paracatu","Paracatu",MG,"Empresa não localizada"
836,"Pávia Brasil","Jequié",BA,"Empresa não localizada"
889,"Podium Alimentos","Santo Antônio de JeSs",BA,"Empresa não localizada"
893,"Polimassa","Conde",PB,"Empresa não localizada"
95,"AVAL METAIS","CURITIBA",PR,"Empresa não localizada"
1102,"S GESSO COM E TRANSP LTDA","Ipubi",PE,"Gesso (polo Araripe)"
1204,"Spergesso/IGE","Araripina",PE,"Gesso (polo Araripe)"
1208,"SV Gesso","Ouricuri",PE,"Gesso (polo Araripe)"
342,"Decorgesso","Trindade",PE,"Gesso (polo Araripe)"
358,"DW Gesso","Trindade",PE,"Gesso (polo Araripe)"
453,"GESSO AMERICA DO SL","Trindade",PE,"Gesso (polo Araripe)"
455,"Gesso Batateira","Ipubi",PE,"Gesso (polo Araripe)"
456,"Gesso Benício","Trindade",PE,"Gesso (polo Araripe)"
457,"Gesso Bonito","Trindade",PE,"Gesso (polo Araripe)"
458,"Gesso Campos","Araripina",PE,"Gesso (polo Araripe)"
463,"Gesso Dayane","Trindade",PE,"Gesso (polo Araripe)"
464,"Gesso do Brasil","Grajaú",MA,"Gesso (polo Araripe)"
467,"Gesso Família","Ouricuri",PE,"Gesso (polo Araripe)"
469,"Gesso Freire","Trindade",PE,"Gesso (polo Araripe)"
471,"Gesso Guanabara","Ouricuri",PE,"Gesso (polo Araripe)"
474,"Gesso Inajá","Araripina",PE,"Gesso (polo Araripe)"
477,"Gesso Mangueira","Trindade",PE,"Gesso (polo Araripe)"
480,"Gesso Mineral","Araripina",PE,"Gesso (polo Araripe)"
482,"GESSO MUNDIAL","Bodocó",PE,"Gesso (polo Araripe)"
485,"GESSO OURO BRANCO","Araripina",PE,"Gesso (polo Araripe)"
487,"Gesso Padre Cícero","Ouricuri",PE,"Gesso (polo Araripe)"
488,"Gesso Prêmio","Araripina",PE,"Gesso (polo Araripe)"
489,"Gesso Realce","Trindade",PE,"Gesso (polo Araripe)"
490,"Gesso Rondônia","Ipubi",PE,"Gesso (polo Araripe)"
491,"Gesso Santa Cecília","Trindade",PE,"Gesso (polo Araripe)"
494,"Gesso São Bento","Trindade",PE,"Gesso (polo Araripe)"
496,"Gesso São Fco. II","Trindade",PE,"Gesso (polo Araripe)"
497,"GESSO SÃO GERALDO","Trindade",PE,"Gesso (polo Araripe)"
498,"Gesso São João","Araripina",PE,"Gesso (polo Araripe)"
499,"Gesso São Jorge","Ouricuri",PE,"Gesso (polo Araripe)"
503,"Gesso Sta. Terezinha","Ouricuri",PE,"Gesso (polo Araripe)"
508,"Gesso Vitória","Ouricuri",PE,"Gesso (polo Araripe)"
510,"GGM Gessos","Ouricuri",PE,"Gesso (polo Araripe)"
515,"Global Gesso","Trindade",PE,"Gesso (polo Araripe)"
517,"Globo Gesso","Araripina",PE,"Gesso (polo Araripe)"
644,"KI Gesso","Araripina",PE,"Gesso (polo Araripe)"
813,"Novo Gesso","Araripina",PE,"Gesso (polo Araripe)"
1000,"POSTO GNV - Três Corações","Três Corações",MG,"Posto/prospecção (nível cidade)"
1001,"POSTO GNV - Tupã","Tupã",SP,"Posto/prospecção (nível cidade)"
1002,"POSTO GNV - Uberaba 1","Uberaba",MG,"Posto/prospecção (nível cidade)"
1003,"POSTO GNV - Uberaba 2","Uberaba",MG,"Posto/prospecção (nível cidade)"
1004,"POSTO GNV - Uberlândia","Uberlândia",MG,"Posto/prospecção (nível cidade)"
1005,"POSTO GNV - Umbaúba (via Sergas)","Umbaúba",SE,"Posto/prospecção (nível cidade)"
1006,"POSTO GNV - Votuporanga","Votuporanga",SP,"Posto/prospecção (nível cidade)"
1007,"POSTO GNV Prudentão","Presidente Prudente",SP,"Posto/prospecção (nível cidade)"
1008,"POSTO GNV Prudentão","Pirapozinho",SP,"Posto/prospecção (nível cidade)"
1009,"POSTO GNV Prudentão - Alvares Machado","Alvares Machado",SP,"Posto/prospecção (nível cidade)"
1010,"POSTO GNV Prudentão - Bastos","Bastos",SP,"Posto/prospecção (nível cidade)"
1011,"POSTO GNV Prudentão - Regente Feijó","Regente Feijó",SP,"Posto/prospecção (nível cidade)"
1012,"Posto Grossos","Grossos",RN,"Posto/prospecção (nível cidade)"
1013,"Posto Ipiranga Lagoa Grande","Lagoa Grande",PE,"Posto/prospecção (nível cidade)"
1014,"Posto João Câmara","João Câmara",RN,"Posto/prospecção (nível cidade)"
1015,"Posto Líder Assú","Assú",RN,"Posto/prospecção (nível cidade)"
1016,"POSTO LNG - Ambev - Jacaréi","Jacareí",SP,"Posto/prospecção (nível cidade)"
1017,"POSTO LNG - Araucária","Araucária",PR,"Posto/prospecção (nível cidade)"
1018,"POSTO LNG - Bauru","Bauru",SP,"Posto/prospecção (nível cidade)"
1019,"POSTO LNG - Betim","Betim",MG,"Posto/prospecção (nível cidade)"
1020,"POSTO LNG - Campinas","Campinas",SP,"Posto/prospecção (nível cidade)"
1021,"POSTO LNG - Divinópolis","Divinópolis",MG,"Posto/prospecção (nível cidade)"
1022,"POSTO LNG - Guarapuava","Guarapuava",PR,"Posto/prospecção (nível cidade)"
1023,"POSTO LNG - Paranaguá","Paranaguá",PR,"Posto/prospecção (nível cidade)"
1024,"POSTO LNG - Ribeirão Preto","Ribeirão Preto",SP,"Posto/prospecção (nível cidade)"
1025,"POSTO LNG - Rio de Janeiro 1","Rio De Janeiro",RJ,"Posto/prospecção (nível cidade)"
1026,"POSTO LNG - Rio de Janeiro 2","Rio De Janeiro",RJ,"Posto/prospecção (nível cidade)"
1027,"POSTO LNG - Rio de Janeiro 3","Rio De Janeiro",RJ,"Posto/prospecção (nível cidade)"
1028,"POSTO LNG - São Paulo 1","São Paulo",SP,"Posto/prospecção (nível cidade)"
1029,"POSTO LNG - São Paulo 2","São Paulo",SP,"Posto/prospecção (nível cidade)"
1030,"POSTO LNG - São Paulo 3","São Paulo",SP,"Posto/prospecção (nível cidade)"
1031,"POSTO LNG - São Paulo 4","São Paulo",SP,"Posto/prospecção (nível cidade)"
1032,"POSTO LNG - São Paulo 5","São Paulo",SP,"Posto/prospecção (nível cidade)"
1033,"POSTO LNG - São Paulo 6","São Paulo",SP,"Posto/prospecção (nível cidade)"
1034,"POSTO LNG - São Paulo 7","São Paulo",SP,"Posto/prospecção (nível cidade)"
1035,"POSTO LNG - Sete Lagoas","Sete Lagoas",MG,"Posto/prospecção (nível cidade)"
1036,"POSTO LNG - Vila Velha","Vila Velha",ES,"Posto/prospecção (nível cidade)"
1037,"Posto Parelhas Gás","Currais Novos",RN,"Posto/prospecção (nível cidade)"
1038,"Posto Parelhas Gás","Santa Cruz",RN,"Posto/prospecção (nível cidade)"
1039,"Posto Pichilau Escada","Escada",PE,"Posto/prospecção (nível cidade)"
1040,"Posto Santo Antonio","Santo Antonio",RN,"Posto/prospecção (nível cidade)"
1041,"Posto Upanema","Upanema",RN,"Posto/prospecção (nível cidade)"
1042,"Posto Via Oeste Crato","Crato",CE,"Posto/prospecção (nível cidade)"
1043,"Posto Via Oeste Salgueiro","Salgueiro",PE,"Posto/prospecção (nível cidade)"
1044,"Posto Vila Oeste Juazeiro do Norte","Juazeiro do Norte",CE,"Posto/prospecção (nível cidade)"
1045,"POSTOS GNV - Arcoverde","Arcoverde",PE,"Posto/prospecção (nível cidade)"
1046,"POSTOS GNV - Palmares","Palmares",PE,"Posto/prospecção (nível cidade)"
1047,"POSTOS GNV - Salgueiro","Salgueiro",PE,"Posto/prospecção (nível cidade)"
1048,"POSTOS GNV - Serra Talhada","Serra Talhada",PE,"Posto/prospecção (nível cidade)"
1059,"Projeto Integrado 1 - POSTO GNV","União Dos Palmares",AL,"Posto/prospecção (nível cidade)"
1062,"Projeto Integrado 2 - POSTO GNV","Palmeira Dos Índios",AL,"Posto/prospecção (nível cidade)"
1067,"Projeto Integrado 3 - POSTO GNV","Limoeiro De Anadia",AL,"Posto/prospecção (nível cidade)"
1068,"Projeto Integrado 3 - POSTO GNV","Limoeiro De Anadia",AL,"Posto/prospecção (nível cidade)"
850,"Petrobahia - Barreiras","Barreiras",BA,"Posto/prospecção (nível cidade)"
851,"Petrobahia - Camacan","Camacan",BA,"Posto/prospecção (nível cidade)"
852,"Petrobahia - Capim Grosso","Capim Grosso",BA,"Posto/prospecção (nível cidade)"
853,"Petrobahia - Esplanada","Esplanada",BA,"Posto/prospecção (nível cidade)"
854,"Petrobahia - Eunápolis","Eunápolis",BA,"Posto/prospecção (nível cidade)"
855,"Petrobahia - Gandu","Gandu",BA,"Posto/prospecção (nível cidade)"
856,"Petrobahia - Ibotirama","Ibotirama",BA,"Posto/prospecção (nível cidade)"
857,"Petrobahia - Itaberaba","Itaberaba",BA,"Posto/prospecção (nível cidade)"
858,"Petrobahia - Itatim","Itatim",BA,"Posto/prospecção (nível cidade)"
859,"Petrobahia - Jacobina","Jacobina",BA,"Posto/prospecção (nível cidade)"
861,"Petrobahia - Lençois","Lençois",BA,"Posto/prospecção (nível cidade)"
863,"Petrobahia - Paulo Afonso","Paulo Afonso",BA,"Posto/prospecção (nível cidade)"
865,"Petrobahia - Posto Dalva (Av 29 março)","Salvador",BA,"Posto/prospecção (nível cidade)"
867,"Petrobahia - Posto Gameleira","Candeias",BA,"Posto/prospecção (nível cidade)"
868,"Petrobahia - Posto Gameleira","Simões Filho",BA,"Posto/prospecção (nível cidade)"
869,"Petrobahia - Posto São Jorge (novo)","Vitória Da Conquista",BA,"Posto/prospecção (nível cidade)"
870,"Petrobahia - Posto São Jorge III","Vitória Da Conquista",BA,"Posto/prospecção (nível cidade)"
871,"Petrobahia - Posto Tote","Jequié",BA,"Posto/prospecção (nível cidade)"
872,"Petrobahia - Senhor do Bonfim","Senhor Do Bonfim",BA,"Posto/prospecção (nível cidade)"
873,"Petrobahia - Serrinha","Serrinha",BA,"Posto/prospecção (nível cidade)"
874,"Petrobahia - Tucano","Tucano",BA,"Posto/prospecção (nível cidade)"
875,"Petrobahia IND - Azaléia","Itapetinga",BA,"Posto/prospecção (nível cidade)"
876,"Petrobahia IND - Sapelba","Humildes",BA,"Posto/prospecção (nível cidade)"
894,"Posto Apodi","Apodi",RN,"Posto/prospecção (nível cidade)"
895,"Posto Ceara Mirim","Ceara Mirim",RN,"Posto/prospecção (nível cidade)"
896,"Posto Cruzeiro Arcoverde","Arcoverde",PE,"Posto/prospecção (nível cidade)"
897,"POSTO GNL - Morada Transportes","Americana",SP,"Posto/prospecção (nível cidade)"
898,"POSTO GNV","Guarabira",PB,"Posto/prospecção (nível cidade)"
899,"POSTO GNV","Cajazeiras",PB,"Posto/prospecção (nível cidade)"
900,"POSTO GNV","Sousa",PB,"Posto/prospecção (nível cidade)"
901,"POSTO GNV","Triunfo",RS,"Posto/prospecção (nível cidade)"
902,"POSTO GNV","Osório",RS,"Posto/prospecção (nível cidade)"
903,"POSTO GNV - Abaeté","Abaeté",MG,"Posto/prospecção (nível cidade)"
904,"POSTO GNV - Amparo","Amparo",SP,"Posto/prospecção (nível cidade)"
905,"POSTO GNV - Apucarana","Apucarana",PR,"Posto/prospecção (nível cidade)"
906,"POSTO GNV - Araras","Araras",SP,"Posto/prospecção (nível cidade)"
907,"POSTO GNV - Araripina","Araripina",PE,"Posto/prospecção (nível cidade)"
908,"POSTO GNV - Araxá","Araxá",MG,"Posto/prospecção (nível cidade)"
909,"POSTO GNV - Assis","Assis - São Paulo",SP,"Posto/prospecção (nível cidade)"
910,"POSTO GNV - Avaré","Avaré",SP,"Posto/prospecção (nível cidade)"
911,"POSTO GNV - Bacabal","Bacabal",MA,"Posto/prospecção (nível cidade)"
912,"POSTO GNV - Barretos","Barretos",SP,"Posto/prospecção (nível cidade)"
913,"POSTO GNV - Batatais","Batatais",SP,"Posto/prospecção (nível cidade)"
914,"POSTO GNV - Bebedouro","Bebedouro",SP,"Posto/prospecção (nível cidade)"
915,"Posto GNV - Bom Conselho","Bom Conselho",PE,"Posto/prospecção (nível cidade)"
916,"POSTO GNV - Bom Despacho","Bom Despacho",MG,"Posto/prospecção (nível cidade)"
917,"POSTO GNV - Cahoeiro de Itapemirim","Cachoeiro De Itapemirim",ES,"Posto/prospecção (nível cidade)"
918,"POSTO GNV - Campinas Verde","Campina Verde",MG,"Posto/prospecção (nível cidade)"
919,"POSTO GNV - Campo Mourão","Campo Mourão",PR,"Posto/prospecção (nível cidade)"
920,"POSTO GNV - Caraguatatuba","Caraguatatuba",SP,"Posto/prospecção (nível cidade)"
921,"POSTO GNV - Caratinga","Caratinga",MG,"Posto/prospecção (nível cidade)"
922,"POSTO GNV - Carmópolis de Minas","Carmópolis De Minas",MG,"Posto/prospecção (nível cidade)"
923,"POSTO GNV - Cascavel","Cascavel",PR,"Posto/prospecção (nível cidade)"
924,"POSTO GNV - Claudio","Cláudio",MG,"Posto/prospecção (nível cidade)"
925,"POSTO GNV - Corinto","Corinto",MG,"Posto/prospecção (nível cidade)"
926,"POSTO GNV - Divinópolis","Divinópolis",MG,"Posto/prospecção (nível cidade)"
927,"Posto GNV - Escada I","Escada",PE,"Posto/prospecção (nível cidade)"
928,"POSTO GNV - Escada+Ind (estruturante)","Ribeirão",PE,"Posto/prospecção (nível cidade)"
929,"POSTO GNV - Extrema 1","Extrema",MG,"Posto/prospecção (nível cidade)"
930,"POSTO GNV - Extrema 2","Extrema",MG,"Posto/prospecção (nível cidade)"
931,"POSTO GNV - Felixlandia","Felixlandia",MG,"Posto/prospecção (nível cidade)"
932,"POSTO GNV - Fernandópolis","Fernadópolis",SP,"Posto/prospecção (nível cidade)"
933,"POSTO GNV - Formiga","Formiga",MG,"Posto/prospecção (nível cidade)"
934,"POSTO GNV - Franca","Franca",SP,"Posto/prospecção (nível cidade)"
935,"POSTO GNV - Gastech - Londrina","Londrina",PR,"Posto/prospecção (nível cidade)"
936,"POSTO GNV - Guarapari","Guarapari",ES,"Posto/prospecção (nível cidade)"
937,"POSTO GNV - Guarujá","Guarujá",SP,"Posto/prospecção (nível cidade)"
938,"POSTO GNV - Guaxupé 1","Guaxupé",MG,"Posto/prospecção (nível cidade)"
939,"POSTO GNV - Guaxupé 2","Guaxupé",MG,"Posto/prospecção (nível cidade)"
940,"POSTO GNV - Ibiuna","Ibiuna",SP,"Posto/prospecção (nível cidade)"
941,"POSTO GNV - Imperatriz","Imperatriz",MA,"Posto/prospecção (nível cidade)"
942,"POSTO GNV - Itabaiana (via Sergas)","Itabaiana",SE,"Posto/prospecção (nível cidade)"
943,"POSTO GNV - Itanhaem","Itanhaem",SP,"Posto/prospecção (nível cidade)"
944,"POSTO GNV - Itapeva","Itapeva",SP,"Posto/prospecção (nível cidade)"
945,"POSTO GNV - Itapira","Itapira",SP,"Posto/prospecção (nível cidade)"
946,"POSTO GNV - Itaporanga D´Ajuda","Itaporanga D'Ajuda",SE,"Posto/prospecção (nível cidade)"
947,"POSTO GNV - Ituiutaba","Ituiutaba",MG,"Posto/prospecção (nível cidade)"
948,"POSTO GNV - Jaboticabal","Jaboticabal",SP,"Posto/prospecção (nível cidade)"
949,"POSTO GNV - Jaú","Jaú",SP,"Posto/prospecção (nível cidade)"
950,"POSTO GNV - João Monlevade","João Monlevade",MG,"Posto/prospecção (nível cidade)"
951,"POSTO GNV - João Pinheiro","João Pinheiro",MG,"Posto/prospecção (nível cidade)"
952,"POSTO GNV - Juninho - Carambeí","Carambei",PR,"Posto/prospecção (nível cidade)"
953,"POSTO GNV - Juninho - Garapuava","Guarapuava",PR,"Posto/prospecção (nível cidade)"
954,"POSTO GNV - Juninho - Jacarezinho","Jacarezinho",PR,"Posto/prospecção (nível cidade)"
955,"POSTO GNV - Juninho - Maringá","Maringá",PR,"Posto/prospecção (nível cidade)"
956,"POSTO GNV - Juninho - Mauá da Serra","Mauá Da Serra",PR,"Posto/prospecção (nível cidade)"
957,"POSTO GNV - Juninho - Paranaguá","Paranaguá",PR,"Posto/prospecção (nível cidade)"
958,"POSTO GNV - Juninho - Sto Ant. Platina","Sto Antonio Platina",PR,"Posto/prospecção (nível cidade)"
959,"POSTO GNV - Lagarto (via Sergas)","Lagarto",SE,"Posto/prospecção (nível cidade)"
960,"POSTO GNV - Leme","Leme",SP,"Posto/prospecção (nível cidade)"
961,"POSTO GNV - Lencóis Paulista","Lençóis Paulista",SP,"Posto/prospecção (nível cidade)"
962,"POSTO GNV - Londrina","Londrina",PR,"Posto/prospecção (nível cidade)"
963,"POSTO GNV - Mirassol","Mirassol",SP,"Posto/prospecção (nível cidade)"
964,"POSTO GNV - Mococa","Mococa",SP,"Posto/prospecção (nível cidade)"
965,"POSTO GNV - Montes Claros 2","Montes Claros",MG,"Posto/prospecção (nível cidade)"
966,"POSTO GNV - Muriaé","Muriaé",MG,"Posto/prospecção (nível cidade)"
967,"POSTO GNV - N. Sra. da Glória (via Sergas)","Nossa Senhora Da Glória",SE,"Posto/prospecção (nível cidade)"
968,"POSTO GNV - Oliveira 1","Cláudio",MG,"Posto/prospecção (nível cidade)"
969,"POSTO GNV - Oliveira 2","Cláudio",MG,"Posto/prospecção (nível cidade)"
970,"POSTO GNV - Ourinhos","Ourinhos",SP,"Posto/prospecção (nível cidade)"
971,"POSTO GNV - Paracatu","Paracatu",MG,"Posto/prospecção (nível cidade)"
972,"POSTO GNV - Paraguaçu Paulista","Paraguaçu Paulista",SP,"Posto/prospecção (nível cidade)"
973,"POSTO GNV - Pato Branco","Pato Branco",PR,"Posto/prospecção (nível cidade)"
974,"POSTO GNV - Patos de Minas","Patos De Minas",MG,"Posto/prospecção (nível cidade)"
975,"POSTO GNV - Penápolis","Penápolis",SP,"Posto/prospecção (nível cidade)"
976,"POSTO GNV - Pirapora","Pirapora",MG,"Posto/prospecção (nível cidade)"
977,"POSTO GNV - Posto Fácil Montes Claros","Montes Claros",MG,"Posto/prospecção (nível cidade)"
978,"POSTO GNV - Pouso Alegre 1","Pouso Alegre",MG,"Posto/prospecção (nível cidade)"
979,"POSTO GNV - Pouso Alegre 2","Pouso Alegre",MG,"Posto/prospecção (nível cidade)"
980,"POSTO GNV - Pouso Alegre 3","Pouso Alegre",MG,"Posto/prospecção (nível cidade)"
981,"POSTO GNV - Realeza","Manhuaçu",MG,"Posto/prospecção (nível cidade)"
982,"POSTO GNV - Ribeirão","Ribeirão",PE,"Posto/prospecção (nível cidade)"
983,"Posto GNV - Rio 1","Rio De Janeiro",RJ,"Posto/prospecção (nível cidade)"
984,"Posto GNV - Rio 2","Rio De Janeiro",RJ,"Posto/prospecção (nível cidade)"
985,"Posto GNV - Rio 3","Rio De Janeiro",RJ,"Posto/prospecção (nível cidade)"
986,"Posto GNV - Rio 4","Rio De Janeiro",RJ,"Posto/prospecção (nível cidade)"
987,"Posto GNV - Rio 5","Rio De Janeiro",RJ,"Posto/prospecção (nível cidade)"
988,"POSTO GNV - Santa Cruz","Santa Cruz Do Capibaribe",PE,"Posto/prospecção (nível cidade)"
989,"POSTO GNV - São Joaquim das Bicas","São Joaquim De Bicas",MG,"Posto/prospecção (nível cidade)"
990,"POSTO GNV - São José do Rio Preto","São José Do Rio Preto",SP,"Posto/prospecção (nível cidade)"
991,"POSTO GNV - São Paulo 1","São Paulo",SP,"Posto/prospecção (nível cidade)"
992,"POSTO GNV - São Paulo 2","São Paulo",SP,"Posto/prospecção (nível cidade)"
993,"POSTO GNV - SC 1","Chapecó",SC,"Posto/prospecção (nível cidade)"
994,"POSTO GNV - SC 2","Florianópolis",SC,"Posto/prospecção (nível cidade)"
995,"POSTO GNV - SC 3","Caçador",SC,"Posto/prospecção (nível cidade)"
996,"POSTO GNV - SC 4","Concórdia",SC,"Posto/prospecção (nível cidade)"
997,"POSTO GNV - SC 5","Joaçaba",SC,"Posto/prospecção (nível cidade)"
998,"POSTO GNV - Sobral","Sobral",CE,"Posto/prospecção (nível cidade)"
999,"POSTO GNV - Teresina","Teresina",PI,"Posto/prospecção (nível cidade)"
